Airport Code,City
aac,al arish
aae,annaba
aag,arapoti
aal,aalborg
aan,al ain
aaq,anapa
aar,aarhus
aat,altay
aay,al ghaydah
aba,abakan
abd,abadan
abe,allentown
abi,abilene
abj,abidjan
abk,kabri dar
abl,ambler
abm,bamaga
abq,albuquerque
abr,aberdeen
abs,abu simbel
abt,al-baha
abv,abuja
abx,albury
abz,aberdeen
aca,acapulco
acc,accra
ace,lanzarote
ach,altenrhein
aci,alderney
ack,nantucket
act,waco
acv,arcata-eureka
ada,adana
adb,izmir
add,addis ababa
ade,aden
adj,amman
adk,adak island
adl,adelaide
adq,kodiak
adu,ardabil
adz,san andres island
aeo,aioun el atrouss
aep,buenos aires
aer,adler/sochi
aes,aalesund
aet,allakaket
aex,alexandria
aey,akureyri
afa,san rafael
aft,afutara
aga,agadir
agb,augsburg/munich
agd,anggi
age,wangerooge
agf,agen
agh,argelholm/helsingborg
agj,aguni
agl,wanigela
agn,angoon
agp,malaga
agr,agra
ags,augusta
agt,ciudad del este
agu,aguascalientes
agv,acarigua
ahb,abha
ahn,athens
aho,alghero
ahu,al hoceima
aia,alliance
aic,airok
aim,ailuk island
ain,wainwright
ait,aitutaki
aiu,atiu island
aiy,atlantic city
aja,ajaccio
ajf,jouf
aji,agri
ajl,aizawl
ajr,arvidsjaur
aju,araca
aka,ankang
akb,atka
akf,kufrah
aki,akiak
akj,asahikawa
akl,auckland
akn,king salmon
akp,anaktueuk
aks,auki
aku,aksu
akv,akulivik
akx,aktobe
aky,sittwe
alb,albany
alc,alicante
alf,alta
alg,algiers
alj,alexander bay
alm,alamogordo
alo,waterloo
alp,aleppo
als,alamosa
alw,walla walla
aly,alexandria
ama,amarillo
amd,ahmedabad
amh,arba mintch
ami,mataram
amm,amman
amo,mao
amq,ambon
ams,amsterdam
amv,amderma
amy,ambatomainty
anc,anchorage
ane,angers
anf,antofagasta
ang,angouleme
ani,aniak
ank,ankara
anm,antalaha
anr,antwerp
anu,antigua
anv,anvik
anx,andenes
aoi,ancona
aoj,aomori
aok,karpathos
aol,paso de los libres
aoo,altoona
aor,alorsetar
aot,aosta
apf,naples
apl,nampula
apn,alpena
apo,apartado
apw,apia
aqg,anging
aqi,qaisumah
aqj,aqaba
aqp,arequipa
arc,arctic village
ard,alor island
arh,arkangelsk
ari,arica
ark,arusha
arm,armidale
arn,stockholm
arp,aragip
arr,alto rio senguerr
art,watertown
aru,aracatuba
arw,arad
asb,ashgabat
asd,andros
ase,aspen
asf,astrakhan
asj,amami o shima
asm,asmara
aso,asosa
asp,alice springs
asr,kayseri
asu,asuncion
asv,amboseli
asw,aswan
atc,arthur's town
atd,atoifi
ath,athens
atk,atqasuk
atl,atlanta
atm,altamira
atn,namatana
atq,amritsar
atw,appleton
aty,watertown
atz,assiut
aua,aruba
auc,arauca
aug,augusta
auh,abu dhabi
auk,alakanuk
aul,aur island
aup,agaun
auq,atuona
aur,aurillac
aus,austin
auu,aurukun
aux,araguaina
auy,aneityum
avi,ciego de avila
avl,asheville
avn,avignon
avp,avoca
awd,aniwa
awz,ahwaz
axa,anguilla
axd,alexandroupolis
axk,ataq
axm,armenia
axp,spring point
axt,akita
ayq,ayers rock
ayt,antalya
ayw,ayawaki
azb,amazon bay
azd,yazd
azn,andizhan
azo,kalamazoo
azr,adrar
bah,bahrain
bak,baku
bal,batman
baq,barranquilla
bas,balalae
bau,bauru
bav,baotou
bax,barnaul
bay,baia mare
bba,balmaceda
bbi,bhubaneswar
bbk,kasane
bbm,battambang
bbn,bario
bbo,berbera
bbu,bucharest
bca,baracoa
bcd,bacolod
bci,barcaldine
bcl,barra colorado
bcn,barcelona
bco,jinka
bcq,brack
bda,hamilton
bdb,bundaberg
bdd,badu island
bdh,bandar lengeh
bdj,banjarmasin
bdl,hartford
bdo,bandung
bdp,bhadrapur
bdq,vadodara
bds,brindisi
bdu,bardufoss
beb,benbecula
bed,bedford
beg,belgrade
beh,benton harbor
bei,beica
bej,berau
bel,belem
ben,benghazi
beo,newcastle
ber,berlin
bes,brest
bet,bethel
beu,bedourie
bew,beira
bey,beirut
bfd,bradford
bff,scottsbluff
bfl,bakersfield
bfn,bloemfontein
bfq,bahia pinas
bfs,belfast
bfv,buri ram
bga,bucaramanga
bgf,banqui
bgi,bridgetown
bgm,binghamton
bgo,bergen
bgr,bangor
bgy,milan
bhb,bar harbour
bhd,belfast
bhe,blenheim
bhg,brus laguna
bhh,bisha
bhi,bahia blanca
bhj,bhuj
bhk,bukhara
bhm,birmingham
bho,bhopal
bhq,broken hill
bhr,bharatpur
bhs,bathurst
bhu,bhavnagar
bhv,bahawalpur
bhx,birmingham
bhy,beihai
bia,bastia
bid,block island
bii,bikini atoll
bik,biak
bil,billings
bim,bimini
bio,bilbao
biq,biarritz
bir,biratragar
bis,bismarck
bja,bejaia
bjb,bojnord
bjf,batsfijord
bji,bemidji
bjl,banjul
bjm,bujumbura
bjr,baharpar
bjv,bodrum
bjx,leon
bjz,badajcz
bka,moscow
bkc,buckland
bki,kota kinabalu
bkk,bangkok
bko,bamako
bkq,blackall
bks,bengkulu
bkw,beckley
bkx,brookings
bkz,bukoba
bla,barcelona
ble,borlange
blf,bluefield
blg,belaga
bli,bellingham
blj,batna
blk,blackpool
bll,billund
blr,bangalore
blt,blackwater
blv,belleville
blz,blantyre
bma,stockholm
bmd,belo
bme,broome
bmi,bloomington
bmk,borkum
bmo,bhamo
bmp,brampton island
bmu,bima
bmv,banmethuot
bmy,belep island
bna,nashville
bnd,bandar abbas
bne,brisbane
bnj,bonn
bnk,ballina
bnn,bronnoysund
bnp,bannu
bns,barinas
bnx,banja luka
bny,bellona
boa,boma
bob,bora bora
boc,bocas del toro
bod,bordeaux
bog,bogota
boh,bournemouth
boi,boise
boj,bourgas
bom,mumbai
bon,bonaire
boo,bodo
bos,boston
bov,boang
box,borroloola
bpf,batuna
bpn,balikpapan
bps,porto seguro
bpt,beaumont/port arthur
bpx,bangda
bpy,besalampy
bqh,london
bqk,brunswick
bql,boulia
bqn,aguadilla
bqs,blagoveschensk
bra,barreiras
brc,san carlos
brd,brainerd
bre,bremen
bri,bari
brk,bourke
brl,burlington
brm,barquisimeto
brn,berne
bro,brownsville
brq,brno
brr,barra
brs,bristol
brt,bathurst island
bru,brussels
brw,barrow
bsa,bossaro
bsb,brasilia
bsc,bahia solano
bsd,baoshan
bsk,biskra
bsl,basel
bso,basco
bth,batam
bti,barter island
btj,banda aceh
btk,bratsk
btm,butte
btr,baton rouge
bts,bratislava
btt,bettles
btu,bintulu
btv,burlington
bua,buka
buc,burketown
bud,budapest
buf,buffalo
bui,bokondini
buo,burao
buq,bulawayo
bur,burbank
bus,batumi
buz,bashehr
bva,paris
bvb,boavista
bvc,boa vista
bve,brive-la-gaillarde
bvg,berlevag
bvh,vilhena
bvi,birdsville
bwa,bhairawa
bwd,brawnwood
bwe,braunschweig
bwg,bowling green
bwi,baltimore
bwk,bol
bwn,bandar seri begawan
bwq,brewarrina
bwt,burnie
bxb,babo
bxd,bade
bxm,batom
bxr,bam
bxu,butuan
bxz,bunsil
bya,boundary
bym,bayamo
byu,bayreuth
bze,belize city
bzg,bydgoszcz
bzi,balikesir
bzl,barisal
bzn,bozeman
bzo,bolzano
bzr,beziers
bzv,brazzaville
cac,cascavel
cae,columbia
cag,cagliari
cai,cairo
cak,canton/akron
cal,campbeltown
can,guangzhou
cap,cap haitien
caq,caucasia
cas,casablanca
caw,campos
cay,cayenne
caz,cobar
cbb,cochabamba
cbe,cumberland
cbg,cambridge
cbh,bechar
cbl,ciudad bolivar
cbo,cotabato
cbq,calabar
cbr,canberra
ccf,carcassonne
ccj,kozhikode
cck,cocos islands
ccm,criciuma
ccp,concepcion
ccr,concord
ccs,caracas
ccu,calcutta
ccv,craig cove
cdb,cold bay
cdc,cedar city
cdg,paris
cdr,chadron
cdv,cordova
ceb,cebu
cec,crescent city
ced,cedun
cee,cherepovets
ceg,chester
cei,chiang rai
cek,chelybinsk
cem,central
cen,ciudad obregon
ceq,cannes
cez,cortez
cfa,coffee point
cfe,clermont-ferrand
cfn,donegal
cfr,caen
cfs,coffs harbor
cfu,kerkyra
cga,craig
cgb,cuiaba
cgd,changde
cgh,sao paulo
cgi,cape girardeau
cgk,jakarta
cgn,cologne
cgo,zhengzha
cgp,chittagong
cgq,changchun
cgr,campo grande
cgx,chicago
cgy,cagayan de oro
cha,chattanooga
chc,christchurch
chg,chaoyang
chi,chicago
cho,charlottesville
chp,circle hot springs
chq,chania
chs,charleston
cht,chatham island
chu,chuathbaluk
chx,changuinda
chy,choiseul bay
cia,rome
cic,chico
cid,cedar rapids
cif,chifeng
cij,cobija
cik,chalkyitsik
cip,chipata
cit,shimkent
ciu,sault ste marie
ciw,canouan
cix,chicayo
cja,cajamarca
cjb,coimbatore
cjc,calama
cjj,cheongju
cjl,chitral
cjs,ciudad juarez
cju,jeju
ckb,clarksburg
ckg,chongqing
cki,croker island
cko,crooked creek
cks,carajas
ckx,chicken
cky,conakry
cld,carlsbad
cle,cleveland
clj,cluj
cll,college station
clm,port angeles
clo,cali
clp,clarks point
clq,colima
clt,charlotte
cly,calvi
cma,cunnamulla
cmb,colombo
cme,ciudad del carmen
cmf,chambery
cmg,corumba
cmh,columbus
cmi,champaign
cmj,chi mei
cmk,club makokola
cmn,casablanca
cmu,kundiawa
cmw,camaguey
cmx,hancock
cnb,coonamble
cnc,coconut island
cnd,constanta
cnf,belo horizonte
cnj,cloncurry
cnk,concordia
cnm,carlsbad
cnp,neerlerit inaat
cnq,corrientes
cns,cairns
cnx,chiang mai
cny,moab
coc,concordia
cod,cody/yellowstone
cog,condoto
cok,cochin
cor,cordoba
cos,colorado springs
cou,columbia
cpc,san martin de los andes
cpd,coober pedy
cpe,campeche
cph,copenhagen
cpi,cape orford
cpo,copiapo
cpq,campinas
cpr,casper
cpt,cape town
cpv,campina grande
crd,camodoro
cri,crooked island
crl,brussels
crp,corpus christi
crv,crotone
crw,charleston
csg,columbus
csi,casino
cst,castaway
csy,cheboksary
cta,catania
ctc,catamarca
ctd,chitre
ctg,cartagena
ctl,charleville
ctm,chetumal
ctn,cooktown
cts,sapporo
ctu,chergdu
cuc,cucata
cue,cuenca
cul,culiacan
cum,cumana
cun,cancun
cup,carupani
cuq,coen
cur,curacao
cuu,chihuahua
cuw,cube cove
cuz,cuzco
cvc,cleve
cvg,cincinnati
cvj,cuernavaca
cvl,cape vogel
cvm,ciudad victoria
cvn,clovis
cvo,albany
cvq,carnarvon
cvu,corvo island
cwa,wausau
cwb,curitiba
cwl,cardiff
cxb,cox's bazar
cxh,vancouver
cxj,caxias do sul
cyb,cayman brac is
cyf,chefornak
cyi,chiayi
cyo,cayo largo del sur
cys,cheyenne
cze,coro
czh,corozal
czl,constantine
czm,cozumel
czn,chisana
czs,cruzeiro do sul
czx,changzhou
dab,daytona beach
dac,dhaka
dad,da nang
dam,damascus
dar,dar es salaam
dau,daru
dav,david
dax,daxian
day,dayton
dbm,debra marcos
dbo,dubbo
dbq,dubuque
dbt,debra tabor
dbv,dubrovnik
dca,washington dc
dcf,dominica
dcm,castres
ddc,dodge city
ddi,daydream is
ddm,dodoima
dea,dera ghazi
dec,decatur
del,delhi
dem,dembidollo
den,denver
der,derim
dez,deirezzor
dfw,dallas
dga,dangriga
dge,mudgee
dgo,durango
dgt,dumaguete
dhn,dothan
dib,dibrugarn
die,antsiranana
dij,dijon
dik,dickinson
dil,dili
din,dien bien phu
dir,dire dawa
diu,div
diy,diyarbakir
djb,jambi. indonesia
dje,djerba
djg,djanet
djj,jayapura
djn,delta junction
dki,dunk island
dkr,dakar
dla,dovala
dlc,dalian
dlg,dillingham
dlh,duluth
dli,dalat
dlm,dalaman
dlu,dali city
dly,dillons bay
dmd,doomadgee
dme,moscow
dmm,dammam
dmu,dimapur
dnd,dundee
dnh,dunhuang
dnk,dnepropetrovsk
dnm,denham
dnr,dinard
dnz,denizli
dob,dobo
dod,dodoma
dog,dongola
doh,doha
dok,donetsk
dol,deauville
dom,dominica
dou,dourados
dpl,dipolog
dpo,devonport
dps,denpasar bali
drb,derby
drg,deering
drh,dabra
dro,durango
drs,dresden
drw,darwin
dse,dessie
dsk,dera ismail khan
dsm,des moines
dtd,datadawai
dtm,dortmund
dtt,detroit
dtw,detroit
dub,dublin
dud,dunedin
duj,dubois
dum,dumai
duq,duncan/quam
dur,durban
dus,dusseldorf
dut,dutch harbor
dvl,devil's lake
dvo,davao
dwb,soalala
dxb,dubai
dyg,dayang
dyr,anadyr
dyu,dushanbe
dza,dzaoudzi
eae,emae
eam,nejran
ear,kearney
eas,san sebastian
eat,wenatchee
eau,eau claire
eba,elba island
ebb,entebbe
ebd,el obeid
ebj,esbjerg
ebo,ebon
ebu,st. etienne
ecn,ercan
eda,edna bay
edi,edinburgh
edl,eldoret
edo,edremit
edr,edward river
eek,eek
een,keene
efl,kefallinia
egc,bergerac
ege,vail
egl,neghelli
egm,sege
egn,geneina
ego,belgorod
egs,egilsstadir
ehl,el bolsan
ehm,cape newenham
eib,eisenach
ein,eindhoven
eis,beef island
eja,barran cabermeja
ejh,wedjh
eko,elko
elc,elcho island
eld,el dorado
ele,el real
elf,el fasher
elh,north eleuthera
eli,elim
elm,elmira
elp,el paso
elq,gassim
els,east london
elu,el oved
elv,elfin cove
ema,nottingham
emd,emerald
emk,emmonak
emn,nema
emo,emo
ems,embessa
emx,el maiten
ena,kenai
ene,ende
enf,enontekio
enh,enshi
ent,enewetak island
enu,enugu
eny,yan'an
eoh,medellin
eoi,eday
epl,epinal
epr,esperance
eps,el portillo/samana
eqs,esquel
erc,erzincan
erf,erfurt
eri,erie
erz,erzurum
esb,ankara
esc,escanaba
esl,elista
esm,esmeraldas
esr,el salvador
eth,elat
etz,metz/nancy
eue,eureka
eug,eugene
eun,laayoune
eux,st. eustatius
eve,harstad-narvik
evg,sveg
evn,yerevan
evv,evansville
ewe,ewer
ewi,enarotali
ewr,newark
exm,exmouth gulf
ext,eveter
eyl,yelimane
eyp,el yopal
eyw,key west
eze,buenos aires
ezs,elazig
fae,faroe islands
fai,fairbanks
faj,fajard
fao,faro
far,fargo
fat,fresno
fav,fakarava
fay,fayetteville
fbm,lumbashi
fco,rome
fde,forde
fdf,fort de france
fdh,friedrichshafer
feg,fergana
fen,fernando de noronha
fez,fez
fgi,apia
fie,fair isle
fih,kinshasa
fiz,fitzroy crossing
fjr,al-fujairah
fkb,karlsruhe/badern baden
fkl,franklin
fkq,fak fak
fks,fukushima
fla,florencia
flf,flensburg
flg,flagstaff
fll,fort lauderdale
fln,florianopolis
flo,florence
flr,florence
flw,flores island
fma,formosa
fmo,muenster
fna,freetown
fnc,funchal
fni,nimes
fnj,pyongyang
fnl,fort collins
fnt,flint
foc,fuzhou
fod,fort dodge
foe,topeka
fog,foggia
for,fortaleza
fpo,freeport
fra,frankfurt
frc,franca
fre,fera island
fro,floro
frs,flores
fru,bishkek
frw,francistown
fsc,figari
fsd,sioux falls
fsm,fort smith
fsp,st pierre
fta,futuna island
ftu,fort dauphin
fue,fuerteventura
fug,fuyang
fuj,fukue
fuk,fukuoka
fun,funafuti atol
fut,futuna island
fwa,fort wayne
skp,skopie
fyv,fayetteville
fzo,filton
gaf,gafsa
gaj,yamagata
gan,gan island
gao,guantanamo
gar,garaina
gau,gawahati
gax,gamba
gbe,gaborone
gbl,goulburn island
gcc,gillette
gci,guernsey
gck,garden city
gcm,grand cayman
gcn,grand canyon
gde,gode/iddidole
gdl,guadalajara
gdn,gdansk
gdq,gondari
gdt,grand turk island
gdv,glendive
gdx,magadan
gdz,gelendzik
gea,noumea
geb,gebe
geg,spokane
gel,santo angelo
geo,georgetown
ger,nueva gerona
ges,general santos
get,geraldton
gev,gallivare
gff,griffith
gfk,grand forks
gfn,grafton
ggg,longview
ggn,gagnoa
ggs,gobernador gregores
ggt,george town
ggw,glasgow
gha,ghardala
ghb,governors harbour
ghe,garachine
ght,ghat
gib,gibraltar
gic,boiju island
gig,"rio de janeiro,brazil"""
gil,gilgit
gis,gisborne
giz,gizan
gja,guanaja
gjl,jijel
gjt,grand junction
gka,goroka
gla,glasgow
glf,golfito
glh,greenville
gli,glen innes
glt,gladstone
glv,golovin
gmb,gambela
gmp,seoul
gnb,grenoble
gnd,grenada
gnu,goodnews bay
gnv,gainesville
goa,genoa
gob,goba
goe,gonalia
goh,nuuk
goi,goa
goj,nizhniy novgorod
gon,groton
goq,golmud
gor,gore
got,gothenburg
gov,gove
gpa,patras
gpn,garden point
gps,galapagos
gpt,gulfport
gpz,grand rapids
grb,green bay
gri,grand island
grj,george
grl,garasa
gro,gerona
grq,groningen
grr,grand rapids
gru,sao paulo
grw,graciosa island
grx,granada
gry,grimsey
grz,graz
gse,gothenburg
gso,greensboro
gsp,greenville/spartanburg
gst,gustavus
gte,groofe eylandt
gtf,great falls
gto,gorontalo
gtr,columbus
gua,guatemala city
gub,guerrero negro
guc,gunnison
gud,goundam
gui,guiria
gum,guam
gup,gallup
gur,alotau
guw,atyrau
gva,geneva
gvr,governador valadares
gwd,gwadar
gwl,gwalior
gwt,westerland
gwy,galway
gxf,seiyun
gya,guayaramerin
gye,guayaquil
gyl,argyle
gym,guaymas
gyn,goiania
gyy,gary
gza,gaza city
gzm,gozo
gzo,gizo
gzt,gaziatep
haa,hasvik
hac,hachijo jima
had,halmstad
hae,havasupai
hah,moroni
haj,hanover
hak,haikou
ham,hamburg
han,hanoi
hap,long island
haq,hanimaadhoo
has,hail
hau,haugesund
hav,havana
hba,hobart
hbb,hobbs
hbe,borg el arab
hcq,halls creek
hcr,holy cross
hdb,heidelberg
hdf,heringsdorf
hdn,hayden
hds,hoedspruit
hdy,hat yai
heh,heno
hel,helsinki
her,heraklian
het,hohhot
hex,santo domingo
hfa,haifa
hfe,hefei
hfn,hornafjordur
hfs,hagfors
hft,hammerfest
hga,hargeisa
hgd,hughenden
hgh,hangzhou
hgl,helgoland
hgn,mae hong son
hgr,hagerstown
hgu,mount hagen
hhh,hilton head
hhn,frankfurt
hhq,hualtin
hib,hibbing
hid,horn island australia
hii,lake havasu city
hij,hiroshima
hil,shillavo
hin,jinju
hir,honiara
his,hayman island
hit,hivaro
hiw,hiroshima
hjr,khajuraho
hkb,healy lake
hkd,hakodate
hkg,hong kong
hkk,hokitika
hkn,hoskins
hkt,phuket
hky,hickory
hld,hailar
hlf,hultsfred
hlh,ulanhot
hln,helena
hlz,hamilton
hme,hassi messaoud
hmo,hermosillo
hmv,hermavan
hna,morioka
hnd,tokyo
hnh,hoonah
hnl,honolulu
hnm,hana
hns,haines
hod,hodeidah
hoe,houeisay
hof,hofuf
hog,holguin
hok,hooker
hom,homer
hon,huron
hoq,hof
hor,horta
hot,hot springs
hou,houston
hov,orsta-volda
hpa,haapa
hpb,hooper bay
hph,haiphong
hpn,westchester county
hrb,harbin
hre,harare
hrg,hurghada
hrk,kharkov
hrl,harlingen
hro,harrison
hsl,huslia
hsn,zhoushan
hsv,huntsville
hta,chita
hti,hamilton island
htn,hotan
htr,hateruma
hts,huntington
huf,terre haute
huh,huahine
hui,hue
hun,hualien
huq,houn
hus,hughes
huu,huanuco
huv,hudiksvall
hux,huatulco
huy,humberside
hva,analalava
hvb,hervey bay
hvg,honningsvag
hvn,new haven
hvr,havre
hwn,hwange nat park
hya,hyannis
hyd,hyderabad
hyg,hydaburg
hyl,hollis
hyn,huargyan
hys,hays
hzg,hanzhang
iaa,igarka
iad,washington dc
iah,houston
iam,in amenas
ian,kiana
iar,yaroslavl
ias,iasi
ibe,ibague
ibz,ibiza
ici,cicia
icn,seoul
ict,wichita
ida,idaho falls
idn,indagen
idr,indore
ieg,zielana
iev,kiev
ifj,isafjordur
ifn,isfahan
ifo,ivano-frankovsk
ifp,bullhead city/laughlin
iga,inagua
igg,igiugig
igm,kingman
igr,iguazu
igu,iguassu falls
ihu,ihu
iko,nikolski
iks,tiksi
ikt,irkutsk
ila,illaga
ile,killeen
ilf,ilford
ili,iliamna
ilm,wilmington
ilo,iloilo
ilp,ile des pins
ily,islay
imf,imphal
imp,imperatriz
imt,iron mountain
ina,inta
inc,yinchuan
ind,indianapolis
ing,lago argentina
inl,international falls
inn,innsbruck
inu,nauru island
inv,inverness
inx,inanwatan
ioa,ioannina
iom,isle of man
iop,ioma
ios,ilheus
ipa,ipota
ipe,ipil
iph,ipoh
ipi,ipiales
ipl,imperial
ipn,ipatinga
ipt,williamsport
iqm,qiemo
iqq,iquique
iqt,iquitos
ira,kirakira
irc,circle
irg,lockhart river
irj,la rioja
irk,kirksville
isa,mount isa
isb,islamabad
isc,isles of scilly
isg,ishigakij
isn,williston
isp,islip
ist,istanbul
itb,itaituba
ith,ithaca
itk,itokama
itm,osaka
ito,hilo
iue,niue island
iul,ilu
iva,ambanja
ivc,invercargill
ivl,ivalo
ivr,inverell
iwd,ironwood
iwj,iwami
ixa,agartala
ixb,bagdogra
ixc,chandigarh
ixe,mangalore
ixj,jommu
ixl,leh
ixm,madurai
ixr,ranchi
ixs,silchar
ixu,aurangabad
ixz,port blair
iyk,inyokern
izo,izumo
izt,ixtepec
jac,jackson hole
jag,jacobabad
jai,jaipur
jal,jalapa
jan,jackson
jaq,jacquinot bay
jat,jabor
jav,ilulissat
jax,jacksonville
jbr,jonesboro
jca,cannes
jck,julia creek
jcr,jacareacanga
jcu,ceuta
jdf,juiz de fora
jdh,jodhpur
jdo,juazeiro do norte
jdz,jingdezhen
jed,jeddah
jeg,aasiaat
jej,jeh
jer,jersey
jfk,new york
jfr,paamiut
jga,jamnagar
jgc,grand canyon
jgn,jiayuguan
jgr,groennedal
jhb,johor
jhe,angelholm/helsingborg
jhg,jinghong
jhm,kapalua
jhq,shute harbor
jhs,sisimiut
jhw,jamestown
jib,djibouti
jij,jijiga
jim,jimma
jin,jinja
jiw,jiwani
jjn,jinjiang
jju,qaqortoq
jkg,jonkoping
jkr,janakpur
jln,joplin
jmk,mikonos
jmo,jomsom
jms,jamestown
jmu,jiamusi
jnb,johannesburg
jnn,nanortalik
jns,narsaq
jnu,juneau
jnz,jinzhou
joe,joensuu
jog,yogyakarta
joi,joinville
jon,johnston island
jpa,joao pessoa
jpr,ji-parana
jqe,jaque
jrh,jorhat
jro,kilimanjaro
jsi,skiathos
jsm,jose de san martin
jsr,jessore
jst,johnstown
jsu,mariitsoq
jtr,thira
jui,juist
juj,jujuy
jul,juliaca
juv,upernavik
juz,juzha
jva,ankavandra
jvl,janesville
jyv,jyvaskyla
kaa,kasama
kab,kariba
kac,kameshli
kae,kake
kag,gangneung
kaj,kajaani
kal,kaltag
kan,kano
kao,kuusamo
kat,kaitaia
kaw,kawthaung
kax,kalbarri
kbc,birch creek
kbf,karubaga
kbl,kabul
kbm,kabwun
kbp,kiev
kbr,kota bharu
kbt,kaben
kbv,krabi
kbx,kambuaya
kcc,coffman cove
kcd,kamur
kcf,kadanwari
kcg,chignik
kch,kuching
kcl,chignik
kcm,kahramanmaras
kcq,chignik
kcz,kochi
kdd,khuzdar
kdi,kendari
kdl,kardia
kdm,kaadedhdhoo
kdo,kadhonoo
kef,reykjavik
kek,ekwok
kew,keewaywin
kgd,kaliningrad
kgk,new koliganek
kgl,kigali
kgx,grayling
khi,karachi
kif,kingfisher lake
kin,kingston
kiv,chisinau
kix,osaka
kkh,kongiganak
kki,akiachak
kku,ekuk
klg,kalskag
kll,levelock
klw,klawock
kmo,manokotak
knk,kakhonak
knw,new stuyahok
koa,kona
kot,kotlik
kpb,point baker
kpc,port clarence
kpn,kipnuk
kpv,perryville
kqa,akuton
krk,krakow
ksm,saint mary's
ktb,thorne bay
ktd,kitadaito
ktm,kathmandu
ktn,ketchikan
ktp,kingston
ktr,katherine
kts,teller mission
ktt,kittila
ktw,katowice
kua,kuantan
kud,kudat
kuf,samara
kug,kubin island
kuh,kushiro
kuk,kasigluk
kul,kuala lumpur
kun,kaunas
kuo,kuopio
kuq,kuri
kus,kulusuk
kut,kutaisi
kuv,gunsan
kuy,kamusi
kva,kavala
kvb,skovde
kvc,king cove
kvd,gyandzha
kvg,kavieng
kvl,kivalina
kwa,kwajalein
kwe,gulyang
kwf,waterfall
kwg,krivoy rog
kwi,kuwait
kwj,gwangju
kwk,kwigillingok
kwl,guilin
kwm,kowanyama
kwn,quinhagak
kwt,kwethluk
kwy,kiwayu
kxa,kasaan
kxk,komsomolsk na amure
kya,konya
kyu,koyukuk
kyx,yalumet
kyz,kyzyl
kzf,kaintiba
kzn,kazan
lab,lablab
lad,luanda
lae,lae
laf,lafayette
lai,lannion
laj,lages
lan,lansing
lao,laoag
lap,la paz
laq,beida
lar,laramie
las,las vegas
lau,lamu
law,lawton
lax,los angeles
lba,leeds
lbb,lubbock
lbc,hamburg
lbd,khudzhand
lbe,latrobe
lbf,north platte
lbj,labuan bajo
lbl,liberal
lbp,long banga
lbs,labasa
lbu,labuan
lbv,libreville
lbw,long bawan
lca,larnaca
lce,la ceiba
lcg,la coruna
lch,lake charles
lcy,london
ldb,londrina
ldc,lindeman island
lde,lourdes/tarbes
ldh,lord howe island
ldi,lindi
ldu,lahadbatu
ldy,londonderry
lea,learmonth
leb,lebanon
led,st petersburg
leh,le havre
lei,almeria
lej,leipzig
leq,lands end
ler,leinster
let,leticia
lev,bureta
lex,lexington
lft,lafayette
lfw,lome
lga,new york
lgb,long beach
lgg,liege
lgi,long island/deadmans cay
lgk,langkawi
lgl,long lellang
lgp,legaspi
lgq,lago agrio
lgs,malargue
lgw,london
lhe,lahore
lhg,lightning ridge
lhr,london
lhw,lanzhau
lif,lifa
lig,limoges
lih,lihue
lii,mulia
lik,likiep island
lil,lille
lim,lima
lin,milan
lir,liberia
lis,lisbon
lit,little rock
ljg,lijiang city
lju,ljubliana
lka,larantuka
lkb,lakeba
lke,seattle
lkl,lakselv
lkn,leknes
lko,lucknow
lla,lulea
lli,lalibela
llw,lilongwe
lma,lake minchumina
lml,lae island
lmm,los mochis
lmn,limbang
lmp,lampedusa
lmt,klamath falls
lnb,lamen bay
lne,lonorore
lnk,lincoln
lno,leonora
lns,lancaster
lnv,lihir island
lny,lanai city
lnz,linz
lod,longana
lof,loen
loh,loja
lon,london
los,lagos
lov,monclova
lpa,las palmas
lpb,la paz
lpi,linkoping
lpl,liverpool
lpm,lamap
lpp,lappeenranta
lpq,luang prabang
lps,lopez island
lpu,long apung
lpy,le puy
lrd,laredo
lre,longreach
lrh,larochelle
lrm,la romana
lrt,lorient
lsa,losuia
lsc,la serena
lse,la crosse
lsi,shetland islands
lsp,las piedras
lst,launceston
lsy,lismore
ltd,ghadames
ltk,latakia
ltn,london
lto,loreto
ltq,le touquet
ltt,saint tropez
lua,lukla
luc,laucala island
lud,luderitz
lug,lugano
lum,luxi
lun,lusaka
lup,kalaupapa
luq,san luis
lur,cape lisburne
luv,langguri
luw,luwuk
lux,luxembourg
lvi,livingstone
lvo,laverton
lwb,lewisburg
lwk,shetland islands
lwn,gyourmri
lwo,lvov
lws,lewiston
lwt,lewistown
lwy,lawas
lxa,lhasa
lxg,luang namtha
lxr,luxor
lxs,lemnos
lya,luoyang
lyc,lyoksele
lyg,lianyungang
lyi,linyi
lyp,faisalabad
lyr,longyearbyen
lys,lyon
lyu,ely
lzc,lozaro cardenas
lzh,liuzhou
lzo,luzhou
lzr,lizard island
maa,chennai
mab,maraba
mad,madrid
maf,midland
mag,madang
mah,menorca
maj,majuro
mak,malakai
mam,matamoros
man,manchester
mao,manaus
maq,mae sot
mar,maracaibo
mas,manus island
mat,natadi
mau,maupiti
mav,maloelap island
may,mangrove cay
maz,mayaguez
mba,mombasa
mbe,monbetsu
mbh,maryborough
mbj,montego bay
mbl,manistee
mbs,freeland
mbt,masbate
mbx,maribor
mce,merced
mcg,mcgrath
mch,machala
mci,kansas city
mck,mccook
mcm,monte carlo
mcn,macon
mco,orlando
mcp,macapa
mct,muscat
mcv,mcarthur river
mcw,mason city
mcx,makhachkala
mcy,sunshine coast
mcz,maceio
mdc,manado
mde,medellin
mdg,mudanjiang
mdh,carbondale
mdj,madras
mdk,mbandaka
mdl,mandalay
mdp,mindiptana
mdq,mar del plata
mds,middle caicos
mdt,harrisburg
mdu,mendi
mdw,chicago
mdy,midway island
mdz,mendoza
mec,manta
med,madinah
mee,mare
meh,mehamn
mei,meridian
mel,melbourne
mem,memphis
mes,medan
meu,monte dourado
mex,mexico city
mfa,mafia
mfe,mcallen
mff,moanda
mfg,muzaffarabad
mfj,moala
mfm,macau
mfo,manguna
mfr,medford
mfu,mfume
mga,managua
mgb,mount gambier
mgf,maringa
mgh,margate
mgl,dusseldorf
mgm,montgomery
mgq,mogadishu
mgs,mangaia island
mgt,milingimbi
mgw,morgantown
mgz,myeik
mhd,mashad
mhg,mannheim
mhh,marsh harbour
mhk,manhattan
mhp,minsk
mhq,mariehamn
mht,manchester
mhu,mount hotham
mhx,manihiki island
mia,miami
mid,merida
mii,marilia
mij,mili island
mik,mikkeli
mim,merimbula
mir,monastir
mis,misima island
mja,manja
mjb,mejit island
mjd,mohenjodaro
mje,majkin
mjf,mosjoen
mjk,monkey mia
mjl,mouila
mjm,mbuji mayi
mjn,majunga
mjt,mytilene
mjv,murcia
mjz,mirnyj
mke,milwaukee
mkg,muskegon
mkk,hoolehua
mkl,jackson
mkm,mukan
mkq,merauke
mkr,meekatharra
mks,mekane selam
mkt,mankato
mku,makokou
mkw,manokwari
mky,mackay
mkz,malacca
mla,malta
mlb,melbourne
mle,male
mlh,mulhouse
mli,moline
mll,marshall
mlm,morelia
mln,melilla
mls,miles city
mlu,monroe
mlx,malatya
mly,manley hot springs
mmb,memanbetsu
mmd,minami daito
mme,teesside
mmg,mount magnet
mmj,matsumoto
mmk,murmansk
mmo,maio
mmx,malmo
mmy,miyako jima
mnb,moanda
mnc,nacala
mnf,mana island
mng,maningrioa
mni,montserrat
mnj,mananjary
mnl,manila
mnr,mangu
mnt,minto
mnu,maulmyine
mny,mono
moa,moa
mob,mobile
moc,montes claros
mod,modesto
mof,maumere
moi,mitiaro island
mol,molde
mon,mount cook
moq,morondava
mot,minot
mou,mountain village
mov,moranbah
mow,moscow
moz,moorea
mpa,mpacha
mpb,miami
mpk,mokpo
mpl,montpellier
mpm,maputo
mpn,mount pleasant
mpw,mariupol
mqf,magnitogorsk
mql,mildura
mqn,mo i rana
mqt,marquette
mqx,makale
mra,misurata
mrd,merida
mre,mara lodges
mrs,marseille
mru,mauritius
mrv,mineralnye vody
mry,monterey
mrz,moree
msa,muskrat dam
mse,manston
msj,misawa
msl,muscle shoals
msn,madison
mso,missoula
msp,minneapolis
msq,minsk
msr,mus
mss,massena
mst,maastricht
msu,maseru
msy,new orleans
mtf,mizan teferi
mtj,montrose
mtm,metlakatla
mtr,monteria
mts,manzini
mtt,minatitla
mtv,mota lava
mty,monterrey
mua,munda
mub,maun
muc,munich
mue,kamuela
muh,mersa matruh
muk,mauke island
mun,maturin
mur,marudi
mux,multan
muz,musoma
mvb,franceville
mvd,montevideo
mvr,marova
mvs,mucuri
mvy,martha's vineyard
mwa,marion
mwe,merave
mwf,maewo
mwh,moses lake
mwz,mwanza
mxh,moro
mxl,mexicali
mxm,morambe
mxp,milan
mxs,maota savaii is
mxt,maintirano
mxx,mora
mxz,meixian
mya,moruya
myc,maracay
myd,malindi
mye,miyakejima
myg,mayaguana
myi,murray island
myj,matsuyama
myr,myrtle beach
myt,myitkyina
myu,mekoryuk
myw,mtwara
myx,menyamya
myy,miri
mzg,makung
mzi,mopti
mzl,manizales
mzo,manzanillo
mzt,mazatlan
mzv,mulu
naa,narrabri
nag,nagpur
naj,nakhichevan
nak,nakhon ratchosima
nal,nalchik
nan,nadi
nao,nanchong
nap,naples
nas,nassau
nat,natal
naw,narathiwat
nbo,nairobi
nbx,nabire
nca,north caicos
nce,nice
ncl,newcastle
ncn,new chenega
ncu,nukus
ncy,annecy
ndb,nouadhiba
ndg,qiqihar
ndi,namudi
ndj,ndjamena
ndk,namorik island
ndm,mendi
ndr,nadar
ndy,sanday
ndz,nordholz-speika
neg,negril
ner,neryjungri
nev,nevis
nfg,nefteyugansk
nfo,niuafo'ou
ngb,ningbo
nge,ngaoundere
ngi,ngau island
ngo,nagoya
ngs,nagasaki
ngx,manang
nha,nha trang
nhv,nuku hiva
nib,nikolai
nic,nicosia
nim,niamey
nix,nioko
njc,nizhnevartovsk
nkc,nouakchott
nkd,sinak
nkg,nanking/nanjing
nki,naukiti
nla,ndola
nld,nuevo laredo
nlf,darnley island
nlg,nelson lagoon
nlk,norfolk island
nlp,nelspruit
nma,namangan
nme,nightmute
nmg,san miguel
nnb,santa ana
nng,nanning
nnl,nondalton
nnm,naryan-mar
nnt,nan
nnx,nunukan
nny,nanyang
nob,nosara beach
noc,knock
noj,nojabrxsk
nos,nossi-be
nou,noumea
noz,novokuznetsk
npe,napier-hastings
npl,new plymouth
nqn,neuquen
nqy,newquay
nrd,norderney
nrk,norrkoping
nrl,north ronaldsay
nrt,tokyo
nsb,bimini
nsk,noril'sk
nsn,nelso
nst,nakhon si thammarat
nte,nantes
ntg,nantong
nti,bintuni
ntl,newcastle
ntn,normanton
nto,santo antao
ntt,niuatoputapu
nty,sun city
nub,numbulwar
nue,nuremberg
nui,nuiqsut
nul,nulato
nup,nunapitchuk
nus,norsup
nux,nayurengoy
nva,neiva
nvk,narvik
nvr,novgorod
nvt,navegantes
nwi,norwich
nyc,new york
nyk,nanyuki
nym,nadym
nyn,nyngan
nyu,nyaung
oag,orange
oaj,jacksonville
oak,oakland
oax,oaxaca
obd,obano
obo,obihiro
obu,kobuk
ocj,ocho rios
odn,long seridan
ods,odessa
ody,oudomxay
oer,ornskoldsvik
oes,san antonio oesta
ofk,norfolk
ogg,kahului
ogn,yonaguni jima
ogs,ogdensburg
ogx,ouargla
ogz,vladikavkaz
ohd,ohrid
oho,okhotsk
oim,oshima
oir,okoshiri
oit,oita
oka,okinawa
okc,oklahoma city
okd,sapporo
okj,okayama
okl,oksibil
okq,okaba
okr,yorke island
oku,mokuti lodge
olb,olbia
olj,olpoi
olp,olympic dam
oma,omaha
omb,omboue
omd,oranjemund
ome,nome
omh,urmieh
omo,mostar
omr,oradea
oms,omsk
ond,ondangwa
ong,mornington
oni,moanamani
ont,ontario
onx,colon
ook,toksook bay
ool,gold coast
oom,cooma
opo,porto
opu,balimo
orb,orebro
ord,chicago
orf,norfolk
org,paramaribo
orh,worcester
ork,cork
orl,orlando
orn,oran
ort,northway
orv,noorvik
orw,ormara
ory,paris
osa,osaka
osd,ostersund
osh,oshkosh
osi,osijek
osk,oskarshamn
osl,oslo
osr,ostrava
osw,orsk
osy,namsos
osz,koszalin
otd,contadora
oth,north bend
otm,ottumwa
otp,bucharest
otu,otu
otz,kotzebue
oua,ouagadougou
oud,oujda
oul,oulu
ouz,zouerate
ovb,novosibirsk
ovd,asturias
owb,owensboro
oxb,bissau
oxr,oxnard
oya,goya
oye,oyem
ozh,zaporozhye
ozz,ouarzazate
pac,panama city
pad,paderborn
paf,pakuba
pah,paducah
paj,para chinar
pak,hanapepe
pap,port au prince
par,paris
pat,patna
paz,poza rico
pbc,puebla
pbd,porbandar
pbe,puerto berria
pbh,paro
pbi,west palm beach
pbj,paama
pbm,paramaribo
pbo,paraburdoo
pbp,punta islita
pbz,plettenburg bay
pca,portage creek
pch,palacios
pcl,pucallpa
pdb,pedro bay
pdg,padang
pdl,ponta delgada
pdp,punta del este
pds,piedras negras
pdt,pendleton
pdx,portland
pec,pelican
pee,perm
peg,perugia
pei,pereira
pek,beijing
pem,puerto maldonado
pen,penang
per,perth
pes,petrozavodsk
pet,pelotas
peu,puerto lempira
pew,peshawar
pex,pechora
pfb,passo fundo
pfn,panama city
pfo,paphos
pga,page
pgf,perpignan
pgk,pangkalpinang
pgv,greenville
pgx,perigueux
phb,parnaiba
phc,port harcourt
phe,port headland
phf,newport news
phl,philadelphia
pho,point hope
phs,phitsanulok
phw,phalaborwa
phx,phoenix
pia,peoria
pib,laurel
pid,paradise island
pie,clearwater/st petersburg
pif,pingtung
pih,pocatello
pik,glasgow
pip,pilot point
pir,pierre
pis,poitiers
pit,pittsburgh
piu,piura
pix,pico island
piz,point lay
pjg,panjger
pjm,puerto jimenez
pka,napaskiak
pkb,parkersburg
pkc,petropaulousk-kamchats
pkn,pangkalanboun
pkr,pokhara
pku,pekanbaru
pky,palang karaya
pkz,pakse
plb,plattsburgh
plh,plymouth
plj,placencia
plm,palembang
pln,pellston
plo,port lincoln
plp,la palma
plq,palanga
pls,providenciales
plu,belo horizonte
plv,poltava
plw,palu
plz,port elizabeth
pma,pemba
pmc,puerto montt
pmf,parma
pmg,ponta pora
pmi,palma mallorca
pml,port moller
pmo,palermo
pmq,perito moreno
pmr,palmerston north
pmv,porlamar
pmw,palmas
pmy,puerto madryn
pmz,palmar
pna,pamplona
pnc,ponca city
pnd,punta gorda
pnh,phnom penh
pni,pohnpei
pnk,pontianak
pnl,pantelleria
pnp,popondetta
pnq,pune
pnr,pointe noire
pns,pensacola
pnz,petrolina
poa,porto alegre
pog,port gentil
pol,pemba
pom,port moresby
pop,puerto plata
por,pori
pos,port of spain
pot,port antonio
pou,poughkeepsie
poz,poznan
ppb,presidente prudente
ppg,pago pago
ppp,proserpine
pps,puerto princesa
ppt,papeete
ppv,port protection
ppw,papa westray
pqc,phu quoc
pqi,presque isle
pqm,palenque
pqq,port macquarie
pqs,pilot station
pra,parana
prc,prescott
prg,prague
prh,phrae
prn,pristina
prq,pres. roque saenz pena
prs,parasi
psa,pisa
psc,pasco
pse,ponce
psg,petersburg
psi,pasni
psm,portsmouth
pso,pasto
psp,palm springs
psr,pescara
pss,posadas
psu,putussibau
psy,port stanley
psz,puerto suarez
pta,port alsworth
ptf,malololailai
ptg,pietersburb
pth,port heiden
ptj,portland
ptp,pointe-a-pitre
ptu,platinum
pty,panama city
pub,pueblo
pud,puerto deseado
puf,pau
pug,port augusta
puj,punta cana
puq,punta arenas
pus,busan
put,puttaparthi
puw,pullman
puy,pula
pvc,provincetown
pvd,providence
pvg,shanghai
pvh,porto velho
pvk,preveza/lefkas
pvo,portoviejo
pvr,puerto vallarta
pwm,portland
pwq,pavlodar
pxm,puerto escondido
pxo,porto santo
pxu,pleiku
pye,penrhyn island
pyh,puerto ayacucha
pyj,polyarnyj
pzb,pietermaritzburg
pze,penzance
pzh,zhob
pzo,puerto ordaz
pzu,port sudan
qbc,bella coola
qbf,vail
qce,copper mountain
qdu,dusseldorf
qfk,selje
qfz,saarbruecken
qjy,kolobrzeg
qjz,nantes
qkb,breckonridge
qkl,cologne
qks,keystone
qqp,london-paddington
qro,queretaro
qwf,fort collins/loveland
qwm,denver
qwy,albany
qxg,angers
qyw,cannes
rab,rabaul
rae,arar
rah,rafha
rai,praia
raj,rajkot
ram,ramingining
rao,ribeirao preto
rap,rapid city
rar,rarotonga
ras,rasht
rat,raduzhnyi
raz,rawala kot
rba,rabat
rbe,ratanakiri
rbh,brooks lodge
rbj,rebun
rbp,rabaraba
rbr,rio branco
rbv,ramato
rby,ruby
rcb,richards bay
rce,roche harbor
rch,riohacha
rcm,richmond
rcq,reconquista
rcu,rio cuarto
rdd,redding
rde,merdey
rdg,reading
rdm,redmond
rdu,raleigh
rdv,red devil
rdz,rodez
rec,recife
reg,reggio calabria
rel,trelew
ren,orenburg
rep,siem reap
res,resistencia
ret,rost
reu,reus
rex,reynossa
rfp,raiatea
rga,rio grande
rgl,rio gallegos
rgn,yangon
rhi,rhinelander
rho,rhodes
ria,santa maria
rib,riberalta
ric,richmond
rig,rio grande
rik,carrillo
ris,rishiri
riw,riverton
rix,riga
riy,riyan mukalla
rjh,rajshahi
rjk,rijeka
rjn,rafsanjan
rkd,rockland
rks,rock springs
rkt,ras al khaimah
rlg,rostock-laage
rma,roma
rmi,rimini
rmp,rampart
rnb,ronneby
rne,roane
rnj,yoronjima
rnl,rennell
rnn,bornholm
rno,reno
rnp,rongelap island
rns,rennes
roa,roanoke
rob,monrovia
roc,rochester
rok,rockhampton
rom,rome
rop,rota
ror,koror
ros,rosario
rot,rotorua
rov,rostov
row,roswell
roy,rio mayo
rpm,ngukurr
rpn,rosh pina
rrg,rodrigues island
rrs,roros
rsa,santa rosa
rsd,rock sound
rsh,russian mission
rsj,rosario
rst,rochester
rsu,yeosu
rsw,fort myers
rtb,roatan
rtm,rotterdam
rtw,saratov
rua,arua
ruh,riyadh
run,st denis de la reunion
rur,rorutu
rut,rutland
rva,farafangana
rvd,rio verde
rvk,roervik
rvn,rovaniemi
saf,santa fe
sah,sana'a
sai,san marino
sal,san salvador
san,san diego
sap,san pedro sula
sat,san antonio
sav,savannah
sba,santa barbara
sbn,south bend
sbp,san luis obispo
sbs,steamboat springs
sby,salisbury-ocean city
scc,prudhoe bay/deadhorse
sce,state college/university park
sck,stockton
scl,santiago
scm,scammon bay
sdf,louisville
sdl,scottsdale
sdp,sand point
sdq,santo domingo
sea,seattle
sel,seoul
sez,mahe island
sfo,san francisco
sgf,springfield
sgn,ho chi minh city
sgu,saint george
sgy,skagway
shd,staunton
shg,shungnak
shh,shishmaref
shr,sheridan
shv,shreveport
shx,shageluk
sin,singapore
sit,sitka
sjc,san jose
sjd,san jose del cabo
sjo,san jose
sjt,san angelo
sju,san juan
skb,st kitts
skg,thessaloniki
skk,shaktoolik
slc,salt lake city
sle,salem
slk,saranac lake
sln,salina
slp,san luis potosi
slq,sleetmore
slu,saint lucia
slw,saltillo
slx,salt cay
sly,salehard
slz,sau luiz
sma,santa maria
smf,sacramento
smi,samos
smk,saint michael
sml,stella maris
smr,santa marta
sms,sante marie
smx,santa maria
sna,santa ana
sne,sao nicolau
snn,shannon
sno,sakon nakhon
snp,saint paul island
snw,thandwe
soc,solo city
sod,sorocaba
sof,sofia
sog,sognolal
soi,south molle island
soj,sorkjosen
son,espiritu santo
soo,soderham
sop,southern pines
sou,south hampton
soy,stronsay
spc,santa cruz de la palma
spi,springfield
spn,saipan
sps,wichita falls
spu,split
sqg,sintang
sqh,son-la
sqo,storuman
sre,sucre
srg,semarang
srq,sarasota
srv,stony river
ssa,salvadore
ssg,malabo
ssh,sharm el sheikh
ssr,sara
stb,santa barbara
stc,saint cloud
std,santo domingo
stg,saint george island
sti,santiago
stl,saint louis
stm,santarem
stn,london
sto,stockholm
str,stuttgart
sts,santa rosa
stt,saint thomas
stw,stavropol
stx,saint croix
sub,surabaya
suf,lamezia-terme
suj,satu mare
sul,sui
sun,hailey
sur,summer beaver
suv,suva
sux,sioux city
sva,savoonga
svb,sambaua
svc,silver city
svd,st vincent
svg,stavanger
svj,svolvaer
svl,savonlinna
svo,moscow
svq,sevilla
svs,stevens village
svu,savusavu
svx,ekaterinburg
svz,san antonio
swa,shantou
swd,seward
swf,newburgh
swg,satwag
sxb,strasbourg
sxf,berlin
sxk,saumlaki
sxl,sligo
sxm,saint maarten
sxp,sheldon point
sxr,srinagar
syd,sydney
sym,simao
syo,shonai
syq,san jose
syr,syracuse
syu,sue island
syx,sanya
syy,stornoway
syz,shiraz
szd,sheffield
szg,salzburg
szk,skukuza
szm,sesriem
szt,s. cristobal del casas
szx,shenzhen
szz,szczecin
tab,tobago
tac,tacloban
tae,daegu
tah,tanna
tai,taiz
tal,tanana
tam,tampico
tao,qingdao
tap,tapachula
tar,taranto
tas,tashkent
tat,popraol/tatry
tbg,tabubil
tbi,the bight
tbj,tabarka
tbn,fort leonard wood
tbo,tabora
tbp,tumbes
tbs,tbilisi
tbt,tabatinga
tbu,nuku'alofa
tbz,tabriz
tca,tennant creek
tcb,treasure cay
tcg,tacheng
tch,tchibanga
tcl,tuscaloosa
tco,tumaco
tcp,taba
tcq,tacna
tct,takotna
tdb,tetabedi
tdd,trinidad
tee,tbessa
teh,tetlin
tek,tatitlek
ter,terceira island
tet,tete
teu,te anau
tex,telluride
tez,tezpur
tff,tefe
tfi,tufi
tfn,tenerife
tfs,tenerife
tgd,podgoriea
tgg,kuala terengganu
tgh,tongoa
tgj,tiga
tgm,tirgu mures
tgn,traralgon
tgo,tongliao
tgu,tegucigalpa
tgz,tuxtla gutierrez
the,teresina
thf,berlin
thg,thangool
thl,tachilek
thn,trollhattan
tho,thorshofn
thr,tehran
ths,sukhotthai
thu,pituffik
tia,tirana
tid,tiaret
tie,tippi
tif,taif
tih,tikehau atoll
tij,tijuana
tim,tembagapura
tin,tindouf
tip,tripoli
tiq,tinian
tir,tirupati
tis,thursday island
tiu,timaru
tiv,tivat
tiy,tioljikja
tiz,tari
tja,tarija
tji,trujillo
tjm,tyumen
tjq,tanjung pandan
tjs,tanjung selor
tka,talkeetna
tkb,tekadu
tke,tenakee springs
tkg,bandar lampung
tkj,tok
tkk,truk
tkn,tokunoshima
tkq,kigoma
tks,tokushima
tku,turku
tlc,toluco
tle,tulear
tlh,tallahassee
tll,tallinn
tlm,tlemcen
tln,toulon
tls,toulouse
tlt,tuluksak
tlv,tel aviv
tmc,tambolaka
tmg,tomanggong
tmh,tanahmerah
tmj,termez
tmm,tamatave
tmp,tampere
tmr,tamanrasset
tms,"sao tome is., sao tome and principe"
tmt,trombetas
tmu,tambor
tmw,tamworth
tmx,timimoun
tna,jinan
tnc,tin city
tng,tangier
tnk,tununak
tnn,tainan
tno,tamarindo
tnr,antaninvarivo
tnx,stung treng
tob,tobruk
tod,tioman
toe,tozeur
tof,tomsk
tog,togiak village
toh,torres
tol,toledo
tom,tombouctou
tos,tromso
tou,touho
tov,tortola
tow,toledo
toy,toyama
tpa,tampa
tpe,taipei
tpp,tarapoto
tpq,tepic
tpr,tom price
tps,trapani
tra,taramajma
trc,torreon
trd,trondheim
tre,tiree
trf,oslo
trg,tauranga
tri,blountville
trk,tarakan
trn,turin
tro,taree
trs,trieste
tru,trujillo
trv,thiruvananthapuram
trw,tarawa
trz,tiruchirapally
tsa,taipei
tsb,tsumeb
tse,astana
tsf,venice
tsj,tsushima
tsm,taos
tsn,tianjn
tso,isles of scilly
tsr,timosoara
tst,trang
tsv,townsville
ttb,tortoli
tte,ternate
ttj,tottori
ttn,trenton
ttq,tortuquero
tts,tsaratanana
ttt,taitung
ttu,tetuan
tua,tulcan
tub,tubuai
tuc,tucuman
tuf,tours
tug,tuguegarao
tui,turaif
tuj,tum
tuk,turbat
tul,tulsa
tun,tunis
tuo,taupo
tup,tupelo
tur,tucurui
tus,tucson
tuu,tabuk
tuv,tucupita
tva,morafenobe
tvc,traverse city
tvf,thief river falls
tvu,taveuni
tvy,dawe
twa,twin hills
twb,toowoomba
twf,twin falls
twu,tawau
txg,taichung
txk,texarkana
txl,berlin
txm,teminabuan
txn,tunxi
tyf,torsby
tyn,taiyuan
tyo,tokyo
tyr,tyler
tys,knoxville
tza,belize city
tzn,south andros
tzx,trabzon
uak,narsarsuaq
uaq,san juan
uas,samburu
uba,uberaba
ubb,mabuiag island
ubj,ube
ubp,ubon ratchathani
uca,utica
uct,ukhta
udi,uberlandia
udj,uzhgorod
udr,udaipur
uel,quelimane
ueo,kumejima
uet,quetta
ufa,ufa
ugb,pilot point
ugc,urgench
ugu,zugapa
uib,quibdo
uih,qui nhon
uii,utila
uik,ust-ilimsk
uin,quincy
uio,quito
uip,quimper
uit,jaluit island
uje,ujae island
ukk,ust-kamenogorsk
ula,san julian
ulb,ulei
uld,ulundi
uli,ulithi
uln,ulaanbaatar
ulp,quipi
ulu,gulu
uly,uliastai
umd,uummannaq
ume,umea
ung,kiunga
unk,unalakleet
unn,ranong
upg,ujung pandang
upn,uruapan
ura,uralsk
urc,urumqi
urg,uruguaiana
urj,uraj
uro,rouen
urt,surat thani
uru,uroubi
ury,gurayat
ush,ushuaia
usk,usinsk
usl,useless loop
usm,koh samui
usn,ulsan
uth,udon thani
utk,utirik island
utn,upington
uto,utopia creek
utp,utapao
utt,umtata
uua,bugulma
uud,ulan-ude
uus,yuzhno-sakhalinsk
uve,ouvea
uvf,st. lucia
uvl,kharga
uyl,nyala
uyn,yulin
vaa,vaasa
vag,varginha
vai,vanimo
vak,chevak
van,van
vao,suavanao
var,varna
vas,sivas
vat,vatomatry
vav,vava'u
vaw,vardoe
vbv,vanuabalavu
vby,visby
vcd,victoria river downs
vce,venice
vcp,sao paulo
vct,victoria
vda,ovda
vdb,fagernes
vdc,vitoria da conquista
vde,valverde
vdm,viedma
vds,vadso
vdz,valdez
vee,venetie
vel,vernal
ver,veracruz
vey,vestmannaeyjar
vfa,victoria falls
vgo,vigo
vhm,vilhelmina
vie,vienna
vig,el vigia
vii,vinh city
vij,virgin gorda
vil,dakhla
vis,visalia
vit,vitoria
viv,vivigani
vkg,rach gia
vko,moscow
vkt,vorkuta
vlc,valencia
vld,valdosta
vlg,villa gesell
vli,port vila
vlk,volgodonsk
vll,valladolid
vln,valencia
vls,valesdir
vlv,valera
vme,villa mercedes
vmu,baimuru
vno,vilnius
vns,varanasi
vnx,vilanculos
vog,volgograd
voh,vohemar
voz,voronezh
vpn,vopnafjordur
vps,valparaiso
vqs,vieques
vra,varadero
vrk,varkaus
vrn,verona
vsa,villahermosa
vsg,lugansk
vst,vasteras
vtb,vitebsk
vte,vientiane
vtz,vishakhapatnam
vup,valledupar
vvb,mahanoro
vvi,santa cruz
vvo,vladivostok
vxc,lichinga
vxe,sao vicente
vxo,vaxjo
waa,wales
wae,wadi ad dawasir
wag,wanganui
wai,antsohihy
wam,ambatondrazaka
waq,antsalova
was,washington dc
wat,waterford
waw,warsaw
wba,wahai
wbb,stebbins
wbq,beaver
wbu,boulder
wdg,enid
wed,wedau
weh,weihai
wei,weipa
wet,wagethe
wfi,fianarantsoa
wga,wagga wagga
wge,walgett
wgp,waingapo
whf,wadi halfa
whh,boulder
whk,whakatane
wic,wick
wil,nairobi
win,winton
wja,woja
wju,wonju
wka,wanaka
wkj,wakkanai
wkk,aleknagik
wlg,wellington
wlh,walaha
wlk,selawik
wls,wallis island
wma,mandritsara
wme,mount keith
wmh,mountain home
wmk,meyers chuck
wmn,maroantsetra
wmo,white mountain
wmp,mampikony
wmr,mananara
wmx,wamena
wna,napakiak
wnn,wunnummin lake
wnp,naga
wnr,windarra
wns,nawabshah
wnz,wenzhou
wot,wonan
wpb,port berge
wre,whangarei
wrg,wrangell
wrl,worland
wro,wroclaw
wry,westray
wsn,south naknek
wsr,wasior
wst,westerly
wsu,wasu
wsx,westsound
wsz,westport
wta,tambohorano
wte,wotje island
wtk,noatak
wtl,tuntutuliak
wto,wotho island
wts,tsiroanomandidy
wud,wudinna
wug,wau
wuh,wuhan
wun,wiluna
wus,wuyishan
wuu,wau
wvb,walvis bay
wvk,manakara
wvn,wilhelmshaven
wwk,wewak
wwp,whale pass
wwt,newtok
wxn,wanxian
wya,whyalla
wyn,wyndham
wys,west yellowstone
xad,churchill
xak,herning
xap,chapeco
xaw,capreol
xax,montreal
xaz,campbellton
xbe,bearskin lake
xbr,brockville
xch,christmas island
xci,chambord
xcm,chatham
xdb,lille
xdd,gaspe
xdg,halifax
xdh,jasper
xdl,chandler
xdm,drummondville
xdp,moncton
xdq,london
xds,ottawa
xdu,hervey
xdv,prince george
xdw,prince rupert
xdx,sarnia
xdy,sudbury
xdz,the pas
xea,vancouver
xec,windsor
xee,lac edouard
xef,winnipeg
xeg,kingston
xeh,ladysmith
xej,langford
xek,melville
xel,new carlisle
xem,new richmond
xer,strasbourg
xey,miramichi
xfc,fredericton junction
xfe,parent
xfg,perce
xfk,senneterre
xfl,shawinigan
xfm,shawnigan
xfn,xiangfan
xfq,weymont
xfs,"alexandria,on"
xfv,brantford
xfw,finkenwerder
xfy,quebec
xgj,cobourg
xgk,coteau
xgr,kangiqsualujjuaq
xgy,grimsby
xhh,boulder
xhm,georgetown
xhs,chemainus
xia,guelph
xib,ingersoll
xic,xichang
xid,maxville
xif,napanee
xii,prescott
xil,xilinhot
xim,saint hyacinthe
xio,st marys
xip,woodstock
xiy,xi an
xjl,joliette
xjq,jonquiere
xkh,xieng khouang
xks,kasabonika
xkv,sackville
xlb,lac brochet
xlj,quebec
xlk,quebec
xlm,montreal
xlq,toronto
xlv,niagara falls
xly,aldershot
xlz,truro
xmh,manihi
xmn,xiamen
xms,macas
xmy,yam island
xna,fayetteville
xnn,xining
xop,poitiers
xpb,parksville
xpk,pukatawagan
xpn,brampton
xpx,pointe-aux-trembles
xpz,saint tropez
xqp,quepos
xqu,qualicum
xrp,riviere-a-pierre
xry,jerez de la frontere
xsc,south caicos
xsh,tours
xsi,south indian lake
xsp,singapore
xtg,thargomindah
xtl,tadoule lake
xty,strathroy
xuz,xuzhou
xvs,valenciennes
xvv,belleville
xwa,watford
xwy,wyoming
xya,yandina
xyd,lyon
xzb,casselman
xzc,glencoe
xzl,edmonton
yaa,anahim lake
yab,arctic bay
yac,cat lake
yag,fort frances
yai,chillan
yak,yakutat
yam,sault ste-marie
yao,yaounde
yap,yap
yat,attawapiskat
yax,angling lake
yay,st anthony
yaz,tofino
ybb,kugaaruk
ybc,baie comeau
ybe,uranium city
ybg,bagotville
ybi,black tickle
ybk,baker lake
ybl,campbell river
ybp,yibin
ybr,brandon
ybs,opapamiska lake
ybt,brochet
ybv,berens river
ybx,blanc sablon
ybz,toronto
yca,courtenay
ycb,cambridge bay
ycc,cornwall
ycd,nanaimo
ycg,castlegar
yck,colville lake
ycm,st catharines
yco,kugluktuk/coppermine
ycr,cross lake
ycs,chesterfield inlet
ycy,clyde river
yda,dawson city
ydf,deer lake
ydi,davis inlet
ydn,dauphin
ydp,nain
ydq,dawson creek
yeg,edmonton
yek,arviat
yer,fort severn
yev,inuvik
yfa,fort albany
yfb,iqaluit
yfc,fredericton
yfh,fort hope
yfj,snare lake
yfo,flin flon
yfs,fort simpson
yfx,fox harbour/st lewis
yfz,quebec
ygb,gillies bay
ygh,fort good hope
ygj,yonago
ygk,kingston
ygl,la grande
ygo,gods narrows
ygp,gaspe
ygr,iles de la madeleine
ygt,igloolik
ygv,havre st pierre
ygw,kuujjuarapik
ygx,gillam
ygz,grise fiord
yha,port hope simpson
yhb,hudson bay
yhd,dryden
yhg,charlottetown
yhi,holman
yhk,gjoa haven
yhm,hamilton
yho,hopedale
yhp,poplar hill
yhr,chevery
yhy,hay river
yhz,halifax
yif,pakuashipi
yih,yichang
yik,ivujivik
yin,yining
yio,pond inlet
yiv,island lake/garden hill
yiw,yiwu
yjt,stephenville
yka,kamloops
ykf,kitchener
ykg,kangirsuk
ykl,schefferville
ykm,yakima
ykq,waskaganish
yks,yakutsk
ykt,klemtu
yku,chisasibi
ylc,kimmirut/lake harbour
yld,chapleau
yle,wha ti/lac la martre
ylh,lansdowne house
yll,lloydminister
ylq,la tuque
ylr,leaf rapids
ylw,kelowna
ymh,mary's harbour
ymm,fort mcmurray
ymo,moosonee
ymq,montreal
ymt,chibougamau
ymx,montreal
ymy,montreal
yna,natashquan
ynb,yanbu
ync,wemindji
yne,norway house
yng,youngstown
ynj,yanji
ynl,points north landing
yno,north spirit lake
yns,nemiscau
ynt,yantai
ynz,yancheng
yoc,old crow
yog,ogoki
yoh,oxford house
yoj,high level
yoo,oshawa
yop,rainbow lake
yow,ottawa
ypa,prince albert
ypb,port alberni
ypc,paulatuk
ype,peace river
ypf,esquimalt
yph,inukjuak
ypj,aupaluk
ypl,pickle lake
ypm,pikangikum
ypn,port meiner
ypo,peawanuck
ypr,prince rupert
ypw,powell river
ypx,povungnituk
ypy,fort chipewyan
ypz,burns lake
yqb,quebec
yqc,quaqtaq
yqd,the pas
yqg,windsor
yqi,yarmouth
yqk,kenora
yql,lethbridge
yqm,moncton
yqn,nakina
yqq,comox
yqr,regina
yqt,thunder bay
yqu,grande prairie
yqx,gander
yqy,sydney
yqz,quesnel
yra,rae lakes
yrb,resolute
yrf,cartwright
yrg,rigolet
yrj,roberval
yrl,red lake
yrs,red sucker lake
yrt,rankin inlet
ysb,sudbury
ysf,stony rapids
ysg,lutselke/snowdrift
ysh,smith falls
ysj,saint john
ysk,sanikiluaq
ysl,saint leonard
ysm,fort smith
yso,postville
ysr,nanisivik
yst,ste therese point
ysy,sachs harbour
yta,pembroke
ytd,thicket portage
yte,cape dorset
ytf,alma
yth,thompson
ytl,big trout
ytq,tasiujuaq
yts,timmins
ytz,toronto
yub,tuktoyaktuk
yud,umiujag
yul,montreal
yum,yuma
yut,repulse bay
yux,hall beach
yuy,rouyn noranda
yvb,bonaventure
yvc,la ronge
yvm,qikiqtarjuaq
yvo,val-d'or
yvp,kuujjuaq
yvq,norman wells
yvr,vancouver
yvz,deer lake
ywb,kangiqsujuaq
ywg,winnipeg
ywh,victoria
ywj,deline
ywk,wabush
ywl,williams lake
ywm,williams harbour
ywp,webequie
ywr,white river
yxc,cranbrook
yxe,saskatoon
yxh,medicine hat
yxj,fort st john
yxk,rimouski
yxl,sioux lookout
yxn,whale cove
yxp,pangnirtung
yxs,prince george
yxt,terrace
yxu,london
yxx,abbotsford
yxy,whitehorse
yyb,north bay
yyc,calgary
yyd,smithers
yye,fort nelson
yyf,penticton
yyg,charlottetown
yyh,taloyoak
yyj,victoria
yyq,churchill
yyr,goose bay
yyt,saint johns
yyu,kapuskasing
yyy,mont joli
yyz,toronto
yzf,yellowknife
yzg,salluit
yzr,sarnia
yzs,coral harbour
yzt,port hardy
yzv,sept-iles
zac,york landing
zad,zadar
zag,zagreb
zah,zahedan
zal,valdivia
zam,zamboanga
zaq,nuremberg
zat,zhaotong
zay,antwerp
zaz,zaragoza
zbb,esbjerg
zbf,bathhurst
zbj,fredericia
zbq,odense
zbr,chah-bahar
zbv,beaver creek
zby,sayaboury
zco,temuco
zdh,basel/mulhouse railway station
zdj,berne
zdn,brno
zeg,senggo
zel,bella bella
zem,east main
zfd,fond du lac
zfn,tulita/fort norman
zgc,lanzhou
zgi,gods river
zgs,gethsemani
zgu,gaua
zha,zhanjiang
zho,houston
zhq,halberstadt
zid,aarhus
zih,zihuatanejo
zjn,swan river
zkb,kasaba bay
zke,kaschechewan
zkg,kegaska
zln,le mans
zlo,manzanillo
zlt,la tabatiere
zna,nanaimo
zne,newman
znz,zanzibar
zpb,sachigo lake
zqn,queenstown
zrf,rockford
zrh,zurich
zri,servi
zrj,round lake
zrk,rockford
zrm,sarmi
zsa,san salvador
zse,st. pierre de la reunion
zsj,sandy lake
ztb,tete-a-la baleine
zth,zakinthos island
ztm,shamattawa
zuh,zhuhai
zum,churchill falls
zva,miandrivazo
zvk,savannakhet
zwl,wollaston lake
zws,stuttgart
zxm,rognan
zyl,sylhet
zyr,brussels
zzu,mzuzu
