Airport Code,Country
aac,egypt
aae,algeria
aag,brazil
aal,denmark
aan,united arab emirates
aaq,russia
aar,denmark
aat,china
aay,yemen
aba,russia
abd,iran
abe,united states
abi,united states
abj,cote d'ivoire
abk,ethiopia
abl,united states
abm,australia
abq,united states
abr,united states
abs,egypt
abt,saudi arabia
abv,nigeria
abx,australia
abz,united kingdom
aca,mexico
acc,ghana
ace,spain
ach,switzerland
aci,united kingdom
ack,united states
act,united states
acv,united states
ada,turkey
adb,turkey
add,ethopia
ade,yemen
adj,jordan
adk,united states
adl,australia
adq,united states
adu,iran
adz,colombia
aeo,mauritania
aep,argentina
aer,russia
aes,norway
aet,united states
aex,united states
aey,iceland
afa,argentina
aft,soloman islands
aga,morocco
agb,germany
agd,indonesia
age,germany
agf,france
agh,sweden
agj,japan
agl,papua new guinea
agn,united states
agp,spain
agr,india
ags,united states
agt,paraguay
agu,mexico
agv,venezuela
ahb,saudi arabia
ahn,united states
aho,italy
ahu,morocco
aia,united states
aic,marshall islands
aim,marshall islands
ain,united states
ait,cook islands
aiu,cook islands
aiy,united states
aja,france
ajf,saudi arabia
aji,turkey
ajl,india
ajr,sweden
aju,brazil
aka,china
akb,united states
akf,libya
aki,united states
akj,japan
akl,new zealand
akn,united states
akp,united states
aks,solomon islands
aku,china
akv,canada
akx,kazakhstan
aky,myanmar
alb,united states
alc,spain
alf,norway
alg,algeria
alj,south africa
alm,united states
alo,united states
alp,syrian arab republic
als,united states
alw,united states
aly,egypt
ama,united states
amd,india
amh,ethiopia
ami,indonesia
amm,jordan
amo,chad
amq,indonesia
ams,netherlands
amv,russia
amy,madagascar
anc,united states
ane,france
anf,chile
ang,france
ani,united states
ank,turkey
anm,madagascar
anr,belgium
anu,antigua and barbuda
anv,united states
anx,norway
aoi,italy
aoj,japan
aok,greece
aol,argentina
aoo,united states
aor,malaysia
aot,italy
apf,united states
apl,mozambique
apn,united states
apo,colombia
apw,western samoa
aqg,china
aqi,saudi arabia
aqj,jordan
aqp,peru
arc,united states
ard,indonesia
arh,russia
ari,chile
ark,tanzania
arm,australia
arn,sweden
arp,papua new guinea
arr,argentina
art,united states
aru,brazil
arw,romania
asb,turkmenistan
asd,bahamas
ase,united states
asf,russia
asj,japan
asm,eritrea
aso,ethopia
asp,australia
asr,turkey
asu,paraguay
asv,kenya
asw,egypt
atc,bahamas
atd,solomon islands
ath,greece
atk,united states
atl,united states
atm,brazil
atn,papua new guinea
atq,india
atw,united states
aty,united states
atz,egypt
aua,aruba
auc,colombia
aug,united states
auh,united arab emirates
auk,united states
aul,marshall islands
aup,papua new guinea
auq,french polynesia
aur,france
aus,united states
auu,australia
aux,brazil
auy,vanuatu
avi,cuba
avl,united states
avn,france
avp,united states
awd,vanuatu
awz,iran
axa,anguilla
axd,greece
axk,yemen
axm,colombia
axp,bahamas
axt,japan
ayq,australia
ayt,turkey
ayw,indonesia
azb,papua new guinea
azd,iran
azn,uzbekistan
azo,united states
azr,algeria
bah,bahrain
bak,azerbaijan
bal,turkey
baq,colombia
bas,solomon islands
bau,brazil
bav,china
bax,russia
bay,romania
bba,chile
bbi,india
bbk,botswana
bbm,cambodia
bbn,malaysia
bbo,somalia
bbu,romania
bca,cuba
bcd,philippines
bci,australia
bcl,costa rica
bcn,spain
bco,ethiopia
bcq,libya
bda,bermuda
bdb,australia
bdd,australia
bdh,iran
bdj,indonesia
bdl,united states
bdo,indonesia
bdp,nepal
bdq,india
bds,italy
bdu,norway
beb,united kingdom
bed,united states
beg,serbia and montenegro
beh,united states
bei,ethiopia
bej,indonesia
bel,brazil
ben,libya
beo,australia
ber,germany
bes,france
bet,united states
beu,australia
bew,mozambique
bey,lebanon
bfd,united states
bff,united states
bfl,united states
bfn,south africa
bfq,panama
bfs,united kingdom
bfv,thailand
bga,colombia
bgf,central african republic
bgi,barbados
bgm,united states
bgo,norway
bgr,united states
bgy,italy
bhb,united states
bhd,united kingdom
bhe,new zealand
bhg,honduras
bhh,saudi arabia
bhi,argentina
bhj,india
bhk,uzbekistan
bhm,united states
bho,india
bhq,australia
bhr,nepal
bhs,australia
bhu,india
bhv,pakistan
bhx,united kingdom
bhy,china
bia,france
bid,united states
bii,marshall islands
bik,indonesia
bil,united states
bim,bahamas
bio,spain
biq,france
bir,nepal
bis,united states
bja,algeria
bjb,iran
bjf,norway
bji,united states
bjl,gambia
bjm,burundi
bjr,ethiopia
bjv,turkey
bjx,mexico
bjz,spain
bka,russia
bkc,united states
bki,malaysia
bkk,thailand
bko,mali
bkq,australia
bks,indonesia
bkw,united states
bkx,united states
bkz,malaysia
bla,venezuela
ble,sweden
blf,united states
blg,mozambique
bli,united states
blj,algeria
blk,united kingdom
bll,denmark
blr,india
blt,australia
blv,united states
blz,malawi
bma,sweden
bmd,madagascar
bme,australia
bmi,united states
bmk,germany
bmo,myanmar
bmp,australia
bmu,indonesia
bmv,viet nam
bmy,new caledonia
bna,united states
bnd,iran
bne,australia
bnj,germany
bnk,australia
bnn,norway
bnp,pakistan
bns,venezuela
bnx,bosnia and herzegovina
bny,solomon islands
boa,congo
bob,french polynesia
boc,panama
bod,france
bog,colombia
boh,united kingdom
boi,united states
boj,bulgaria
bom,india
bon,netherlands antilles
boo,norway
bos,united states
bov,papua new guinea
box,australia
bpf,solomon islands
bpn,indonesia
bps,brazil
bpt,united states
bpx,china
bpy,madagascar
bqh,united kingdom
bqk,united states
bql,australia
bqn,puerto rico
bqs,russia
bra,brazil
brc,argentina
brd,united states
bre,germany
bri,italy
brk,australia
brl,united states
brm,venezuela
brn,switzerland
bro,united states
brq,czech republic
brr,united kingdom
brs,united kingdom
brt,australia
bru,belgium
brw,united states
bsa,somalia
bsb,brazil
bsc,colombia
bsd,china
bsk,algeria
bsl,switzerland
bso,philippines
bth,indonesia
bti,united states
btj,indonesia
btk,russia
btm,united states
btr,united states
bts,slovakia
btt,united states
btu,malaysia
btv,united states
bua,papua new guinea
buc,australia
bud,hungary
buf,united states
bui,indonesia
buo,somalia
buq,zimbabwe
bur,united states
bus,georgia
buz,iran
bva,france
bvb,brazil
bvc,cape verde
bve,france
bvg,norway
bvh,brazil
bvi,australia
bwa,nepal
bwd,united states
bwe,denmark
bwg,united states
bwi,united states
bwk,croatia
bwn,brunei
bwq,australia
bwt,australia
bxb,indonesia
bxd,indonesia
bxm,indonesia
bxr,iran
bxu,philippines
bxz,papua new guinea
bya,united states
bym,cuba
byu,germany
bze,belize
bzg,poland
bzi,turkey
bzl,bangladesh
bzn,united states
bzo,italy
bzr,france
bzv,congo
cac,brazil
cae,united states
cag,italy
cai,egypt
cak,united states
cal,united kingdom
can,china
cap,haiti
caq,colombia
cas,morocco
caw,brazil
cay,french guiana
caz,australia
cbb,bolivia
cbe,united states
cbg,united kingdom
cbh,algeria
cbl,venezuela
cbo,philippines
cbq,nigeria
cbr,australia
ccf,france
ccj,india
cck,cocos (keeling) islands
ccm,brazil
ccp,chile
ccr,united states
ccs,venezuela
ccu,india
ccv,vanuatu
cdb,united states
cdc,united states
cdg,france
cdr,united states
cdv,united states
ceb,philippines
cec,united states
ced,australia
cee,russia
ceg,united kingdom
cei,thailand
cek,russia
cem,united states
cen,mexico
ceq,france
cez,united states
cfa,united states
cfe,france
cfn,ireland
cfr,france
cfs,australia
cfu,greece
cga,united states
cgb,brazil
cgd,china
cgh,brazil
cgi,united states
cgk,indonesia
cgn,germany
cgo,china
cgp,bangladesh
cgq,china
cgr,brazil
cgx,united states
cgy,philippines
cha,united states
chc,new zealand
chg,china
chi,united states
cho,united states
chp,united states
chq,greece
chs,united states
cht,new zealand
chu,united states
chx,panama
chy,solomon islands
cia,italy
cic,united states
cid,united states
cif,china
cij,bolivia
cik,united states
cip,zambia
cit,kazakhstan
ciu,united states
ciw,saint vincent and the grenadines
cix,peru
cja,peru
cjb,india
cjc,chile
cjj,south korea
cjl,pakistan
cjs,mexico
cju,south korea
ckb,united states
ckg,china
cki,australia
cko,united states
cks,brazil
ckx,united states
cky,guinea
cld,united states
cle,united states
clj,romania
cll,united states
clm,united states
clo,colombia
clp,united states
clq,mexico
clt,united states
cly,france
cma,australia
cmb,sri lanka
cme,mexico
cmf,france
cmg,brazil
cmh,united states
cmi,united states
cmj,taiwan
cmk,malawi
cmn,morocco
cmu,papua new guinea
cmw,cuba
cmx,united states
cnb,australia
cnc,australia
cnd,romania
cnf,brazil
cnj,australia
cnk,united states
cnm,united states
cnp,greenland
cnq,argentina
cns,australia
cnx,thailand
cny,united states
coc,argentina
cod,united states
cog,colombia
cok,india
cor,argentina
cos,united states
cou,united states
cpc,argentina
cpd,australia
cpe,mexico
cph,denmark
cpi,papua new guinea
cpo,chile
cpq,brazil
cpr,united states
cpt,south africa
cpv,brazil
crd,argentina
cri,bahamas
crl,belguim
crp,united states
crv,italy
crw,united states
csg,united states
csi,australia
cst,fiji
csy,russia
cta,italy
ctc,argentina
ctd,panama
ctg,colombia
ctl,australia
ctm,mexico
ctn,australia
cts,japan
ctu,china
cuc,colombia
cue,ecuador
cul,mexico
cum,venezuela
cun,mexico
cup,venezuela
cuq,australia
cur,netherlands antilles
cuu,mexico
cuw,united states
cuz,peru
cvc,australia
cvg,united states
cvj,mexico
cvl,papua new guinea
cvm,mexico
cvn,united states
cvo,united states
cvq,australia
cvu,portugal
cwa,united states
cwb,brazil
cwl,united kingdom
cxb,bangladesh
cxh,canada
cxj,brazil
cyb,cambodia
cyf,united states
cyi,taiwan
cyo,cuba
cys,united states
cze,venezuela
czh,belize
czl,algeria
czm,mexico
czn,united states
czs,brazil
czx,china
dab,united states
dac,bangledesh
dad,viet nam
dam,syrian arab republic
dar,tanzania
dau,papua new guinea
dav,panama
dax,china
day,united states
dbm,ethiopia
dbo,australia
dbq,united states
dbt,ethiopia
dbv,croatia
dca,nan
dcf,dominica
dcm,france
ddc,united states
ddi,australia
ddm,papua new guinea
dea,pakistan
dec,united states
del,india
dem,ethiopia
den,united states
der,papua new guinea
dez,syria
dfw,united states
dga,belize
dge,australia
dgo,mexico
dgt,philippines
dhn,united states
dib,india
die,madagascar
dij,france
dik,united states
dil,indonesia
din,viet nam
dir,ethiopia
diu,india
diy,turkey
djb,nan
dje,tunisia
djg,algeria
djj,indonesia
djn,united states
dki,australia
dkr,senegal
dla,cameroon
dlc,china
dlg,united states
dlh,united states
dli,viet nam
dlm,turkey
dlu,china
dly,vanuatu
dmd,australia
dme,russia
dmm,saudi arabia
dmu,india
dnd,united kingdom
dnh,china
dnk,ukraine
dnm,australia
dnr,france
dnz,turkey
dob,indonesia
dod,tanzania
dog,sudan
doh,qatar
dok,ukraine
dol,france
dom,dominica
dou,brazil
dpl,philippines
dpo,australia
dps,indonesia
drb,australia
drg,united states
drh,indonesia
dro,united states
drs,germany
drw,australia
dse,ethiopia
dsk,pakistan
dsm,united states
dtd,indonesia
dtm,germany
dtt,united states
dtw,united states
dub,ireland
dud,new zealand
duj,united states
dum,indonesia
duq,canada
dur,south africa
dus,germany
dut,united states
dvl,united states
dvo,philippines
dwb,madagascar
dxb,united arab emirates
dyg,china
dyr,russia
dyu,tajikistan
dza,mayotte
eae,vanuatu
eam,saudi arabia
ear,united states
eas,spain
eat,united states
eau,united states
eba,italy
ebb,uganda
ebd,sudan
ebj,denmark
ebo,marshall islands
ebu,france
ecn,cyprus
eda,united states
edi,united kingdom
edl,kenya
edo,turkey
edr,australia
eek,united states
een,united states
efl,greece
egc,france
ege,united states
egl,ethiopia
egm,solomon islands
egn,sudan
ego,russia
egs,iceland
ehl,argentina
ehm,united states
eib,germany
ein,netherlands
eis,british virgin islands
eja,colombia
ejh,saudi arabia
eko,united states
elc,australia
eld,united states
ele,panama
elf,sudan
elh,bahamas
eli,united states
elm,united states
elp,united states
elq,saudi arabia
els,south africa
elu,algeria
elv,united states
ema,united kingdom
emd,australia
emk,united states
emn,mauritania
emo,papua new guinea
ems,papua new guinea
emx,argentina
ena,united states
ene,indonesia
enf,finland
enh,china
ent,marshall islands
enu,nigeria
eny,china
eoh,colombia
eoi,united kingdom
epl,france
epr,australia
eps,dominican republic
eqs,argentina
erc,turkey
erf,germany
eri,united states
erz,turkey
esb,turkey
esc,united states
esl,russia
esm,ecuador
esr,chile
eth,italy
etz,france
eue,united states
eug,united states
eun,morocco
eux,netherlands antilles
eve,norway
evg,sweden
evn,armenia
evv,united states
ewe,indonesia
ewi,indonesia
ewr,united states
exm,australia
ext,united kingdom
eyl,mali
eyp,colombia
eyw,united states
eze,argentina
ezs,turkey
fae,faroe islands
fai,united states
faj,puerto rico
fao,portugal
far,united states
fat,united states
fav,french polynesia
fay,united states
fbm,congo
fco,italy
fde,norway
fdf,martinique
fdh,germany
feg,uzbekistan
fen,brazil
fez,morocco
fgi,western samoa
fie,united kingdom
fih,congo
fiz,australia
fjr,united arab emirates
fkb,germany
fkl,united states
fkq,indonesia
fks,japan
fla,colombia
flf,germany
flg,united states
fll,united states
fln,brazil
flo,united states
flr,italy
flw,portugal
fma,argentina
fmo,germany
fna,sierra leone
fnc,portugal
fni,france
fnj,north korea
fnl,united states
fnt,united states
foc,china
fod,united states
foe,united states
fog,italy
for,brazil
fpo,bahamas
fra,germany
frc,brazil
fre,solomon islands
fro,norway
frs,guatemala
fru,kyrgyzstan
frw,botswana
fsc,france
fsd,united states
fsm,united states
fsp,st pierre and miquelon
fta,vanuatu
ftu,madagascar
fue,spain
fug,china
fuj,japan
fuk,japan
fun,tuvalu
fut,wallis and futuna islands
fwa,united states
skp,macedonia
fyv,united states
fzo,united kingdom
gaf,tunisia
gaj,japan
gan,maldives
gao,cuba
gar,papua new guinea
gau,india
gax,gabon
gbe,botswana
gbl,australia
gcc,united states
gci,united kingdom
gck,united states
gcm,cayman islands
gcn,united states
gde,ethiopia
gdl,mexico
gdn,poland
gdq,ethiopia
gdt,turks and caicos islands
gdv,united states
gdx,russia
gdz,russia
gea,new caledonia
geb,indonesia
geg,united states
gel,brazil
geo,guyana
ger,cuba
ges,philippines
get,australia
gev,sweden
gff,australia
gfk,united states
gfn,australia
ggg,united states
ggn,cote d'ivoire
ggs,argentina
ggt,bahamas
ggw,united states
gha,algeria
ghb,bahamas
ghe,panama
ght,libya
gib,gibraltar
gic,australia
gig,nan
gil,pakistan
gis,new zealand
giz,saudi arabia
gja,honduras
gjl,algeria
gjt,united states
gka,papua new guinea
gla,united kingdom
glf,costa rica
glh,united states
gli,australia
glt,australia
glv,united states
gmb,ethiopia
gmp,south korea
gnb,france
gnd,grenada
gnu,united states
gnv,united states
goa,italy
gob,ethiopia
goe,papua new guinea
goh,greenland
goi,india
goj,russia
gon,united states
goq,china
gor,ethiopia
got,sweden
gov,australia
gpa,greece
gpn,australia
gps,ecuador
gpt,united states
gpz,united states
grb,united states
gri,united states
grj,south africa
grl,papua new guinea
gro,spain
grq,netherlands
grr,united states
gru,brazil
grw,portugal
grx,spain
gry,iceland
grz,austria
gse,sweden
gso,united states
gsp,united states
gst,united states
gte,australia
gtf,united states
gto,indonesia
gtr,united states
gua,guatemala
gub,mexico
guc,united states
gud,mali
gui,venezuela
gum,nan
gup,united states
gur,papua new guinea
guw,kazakhstan
gva,switzerland
gvr,brazil
gwd,pakistan
gwl,india
gwt,germany
gwy,ireland
gxf,yemen
gya,bolivia
gye,ecuador
gyl,australia
gym,mexico
gyn,brazil
gyy,united states
gza,occupied palestinian territory
gzm,malta
gzo,solomon islands
gzt,turkey
haa,norway
hac,japan
had,sweden
hae,united states
hah,comoros
haj,germany
hak,china
ham,germany
han,viet nam
hap,australia
haq,maldives
has,saudi arabia
hau,norway
hav,cuba
hba,australia
hbb,united states
hbe,egypt
hcq,australia
hcr,united states
hdb,germany
hdf,germany
hdn,united states
hds,south africa
hdy,thailand
heh,myanmar
hel,finland
her,greece
het,china
hex,dominican republic
hfa,israel
hfe,china
hfn,iceland
hfs,sweden
hft,norway
hga,somalia
hgd,australia
hgh,china
hgl,germany
hgn,thailand
hgr,united states
hgu,papua new guinea
hhh,united states
hhn,germany
hhq,thailand
hib,united states
hid,nan
hii,united states
hij,japan
hil,ethiopia
hin,south korea
hir,solomon islands
his,australia
hit,papua new guinea
hiw,japan
hjr,india
hkb,united states
hkd,japan
hkg,hong kong
hkk,new zealand
hkn,papua new guinea
hkt,thailand
hky,united states
hld,china
hlf,sweden
hlh,china
hln,united states
hlz,new zealand
hme,algeria
hmo,mexico
hmv,sweden
hna,japan
hnd,japan
hnh,united states
hnl,united states
hnm,united states
hns,united states
hod,yemen
hoe,laos
hof,saudi arabia
hog,cuba
hok,australia
hom,united states
hon,united states
hoq,germany
hor,portugal
hot,united states
hou,united states
hov,norway
hpa,tonga
hpb,united states
hph,viet nam
hpn,united states
hrb,china
hre,zimbabwe
hrg,egypt
hrk,ukraine
hrl,united states
hro,united states
hsl,united states
hsn,china
hsv,united states
hta,russia
hti,australia
htn,china
htr,japan
hts,united states
huf,united states
huh,french polynesia
hui,viet nam
hun,taiwan
huq,libya
hus,united states
huu,french polynesia
huv,sweden
hux,mexico
huy,united kingdom
hva,madagascar
hvb,australia
hvg,norway
hvn,united states
hvr,united states
hwn,zimbabwe
hya,united states
hyd,india
hyg,united states
hyl,united states
hyn,china
hys,united states
hzg,china
iaa,russia
iad,nan
iah,united states
iam,algeria
ian,united states
iar,russia
ias,romania
ibe,colombia
ibz,spain
ici,fiji
icn,south korea
ict,united states
ida,united states
idn,papua new guinea
idr,india
ieg,poland
iev,ukraine
ifj,iceland
ifn,iran
ifo,ukraine
ifp,united states
iga,bahamas
igg,united states
igm,united states
igr,argentina
igu,brazil
ihu,papua new guinea
iko,united states
iks,russia
ikt,russia
ila,indonesia
ile,united states
ilf,canada
ili,united states
ilm,united states
ilo,philippines
ilp,new caledonia
ily,united kingdom
imf,india
imp,brazil
imt,united states
ina,russia
inc,china
ind,united states
ing,argentina
inl,united states
inn,austria
inu,nauru
inv,united kingdom
inx,indonesia
ioa,greece
iom,united kingdom
iop,papua new guinea
ios,brazil
ipa,vanuatu
ipe,philippines
iph,malaysia
ipi,colombia
ipl,united states
ipn,brazil
ipt,united states
iqm,china
iqq,chile
iqt,peru
ira,solomon islands
irc,united states
irg,australia
irj,argentina
irk,united states
isa,australia
isb,pakistan
isc,united kingdom
isg,japan
isn,united states
isp,united states
ist,turkey
itb,brazil
ith,united states
itk,papua new guinea
itm,japan
ito,united states
iue,niue
iul,indonesia
iva,madagascar
ivc,new zealand
ivl,finland
ivr,australia
iwd,united states
iwj,japan
ixa,india
ixb,india
ixc,india
ixe,india
ixj,india
ixl,india
ixm,india
ixr,india
ixs,india
ixu,india
ixz,india
iyk,united states
izo,japan
izt,mexico
jac,united states
jag,pakistan
jai,india
jal,mexico
jan,united states
jaq,papua new guinea
jat,marshall islands
jav,greenland
jax,united states
jbr,united states
jca,france
jck,australia
jcr,brazil
jcu,spain and canary islands
jdf,brazil
jdh,india
jdo,brazil
jdz,china
jed,saudi arabia
jeg,greenland
jej,marshall islands
jer,united kingdom
jfk,united states
jfr,greenland
jga,india
jgc,united states
jgn,china
jgr,greenland
jhb,malaysia
jhe,sweden
jhg,china
jhm,united states
jhq,australia
jhs,greenland
jhw,united states
jib,djibouti
jij,ethiopia
jim,ethiopia
jin,uganda
jiw,pakistan
jjn,china
jju,greenland
jkg,sweden
jkr,nepal
jln,united states
jmk,greece
jmo,nepal
jms,united states
jmu,china
jnb,south africa
jnn,greenland
jns,greenland
jnu,united states
jnz,china
joe,finland
jog,indonesia
joi,brazil
jon,us minor outlying islands
jpa,brazil
jpr,brazil
jqe,panama
jrh,india
jro,tanzania
jsi,greece
jsm,argentina
jsr,bangladesh
jst,united states
jsu,greenland
jtr,greece
jui,germany
juj,argentina
jul,peru
juv,greenland
juz,china
jva,madagascar
jvl,united states
jyv,finland
kaa,zambia
kab,zimbabwe
kac,syrian arab republic
kae,united states
kag,south korea
kaj,finland
kal,united states
kan,nigeria
kao,finland
kat,new zealand
kaw,myanmar
kax,australia
kbc,united states
kbf,indonesia
kbl,afghanistan
kbm,papua new guinea
kbp,ukraine
kbr,malaysia
kbt,marshall islands
kbv,thailand
kbx,indonesia
kcc,united states
kcd,indonesia
kcf,pakistan
kcg,united states
kch,malaysia
kcl,united states
kcm,turkey
kcq,united states
kcz,japan
kdd,pakistan
kdi,indonesia
kdl,estonia
kdm,maldives
kdo,maldives
kef,iceland
kek,united states
kew,canada
kgd,russia
kgk,united states
kgl,rwanda
kgx,united states
khi,pakistan
kif,canada
kin,jamaica
kiv,republic of moldova
kix,japan
kkh,united states
kki,united states
kku,united states
klg,united states
kll,united states
klw,united states
kmo,united states
knk,united states
knw,united states
koa,united states
kot,united states
kpb,united states
kpc,united states
kpn,united states
kpv,united states
kqa,united states
krk,poland
ksm,united states
ktb,united states
ktd,japan
ktm,nepal
ktn,united states
ktp,jamaica
ktr,australia
kts,united states
ktt,finland
ktw,poland
kua,malaysia
kud,malaysia
kuf,russia
kug,australia
kuh,japan
kuk,united states
kul,malaysia
kun,lithuania
kuo,finland
kuq,papua new guinea
kus,greenland
kut,georgia
kuv,south korea
kuy,papua new guinea
kva,greece
kvb,sweden
kvc,united states
kvd,azerbaijan
kvg,papua new guinea
kvl,united states
kwa,marshall islands
kwe,china
kwf,united states
kwg,ukraine
kwi,kuwait
kwj,south korea
kwk,united states
kwl,china
kwm,australia
kwn,united states
kwt,united states
kwy,kenya
kxa,united states
kxk,russia
kya,turkey
kyu,united states
kyx,papua new guinea
kyz,russia
kzf,papua new guinea
kzn,russia
lab,papua new guinea
lad,angola
lae,papua new guinea
laf,united states
lai,france
laj,brazil
lan,united states
lao,philippines
lap,mexico
laq,libya
lar,united states
las,united states
lau,kenya
law,united states
lax,united states
lba,united kingdom
lbb,united states
lbc,germany
lbd,tajikistan
lbe,united states
lbf,united states
lbj,indonesia
lbl,united states
lbp,malaysia
lbs,fiji
lbu,malaysia
lbv,gabon
lbw,indonesia
lca,cyprus
lce,honduras
lcg,spain
lch,united states
lcy,united kingdom
ldb,brazil
ldc,australia
lde,france
ldh,australia
ldi,tanzania
ldu,malaysia
ldy,united kingdom
lea,australia
leb,united states
led,russia
leh,france
lei,spain
lej,germany
leq,united kingdom
ler,australia
let,colombia
lev,fiji
lex,united states
lft,united states
lfw,togo
lga,united states
lgb,united states
lgg,belgium
lgi,bahamas
lgk,malaysia
lgl,malaysia
lgp,philippines
lgq,ecuador
lgs,argentina
lgw,united kingdom
lhe,pakistan
lhg,australia
lhr,united kingdom
lhw,guinea
lif,new caledonia
lig,france
lih,united states
lii,indonesia
lik,marshall islands
lil,france
lim,peru
lin,italy
lir,costa rica
lis,portugal
lit,united states
ljg,china
lju,slovenia
lka,indonesia
lkb,fiji
lke,united states
lkl,norway
lkn,norway
lko,india
lla,sweden
lli,ethiopia
llw,malawi
lma,united states
lml,marshall islands
lmm,mexico
lmn,malaysia
lmp,italy
lmt,united states
lnb,vanuatu
lne,vanuatu
lnk,united states
lno,australia
lns,united states
lnv,papua new guinea
lny,united states
lnz,austria
lod,vanuatu
lof,marshall islands
loh,ecuador
lon,united kingdom
los,nigeria
lov,mexico
lpa,spain
lpb,bolivia
lpi,sweden
lpl,united kingdom
lpm,vanuatu
lpp,finland
lpq,laos
lps,united states
lpu,indonesia
lpy,france
lrd,united states
lre,australia
lrh,france
lrm,dominican republic
lrt,france
lsa,papua new guinea
lsc,chile
lse,united states
lsi,united kingdom
lsp,venezuela
lst,australia
lsy,australia
ltd,libya
ltk,syria
ltn,united kingdom
lto,mexico
ltq,france
ltt,france
lua,nepal
luc,fiji
lud,namibia
lug,switzerland
lum,china
lun,zambia
lup,united states
luq,argentina
lur,united states
luv,indonesia
luw,indonesia
lux,luxembourg
lvi,zambia
lvo,australia
lwb,united states
lwk,united kingdom
lwn,armenia
lwo,ukraine
lws,united states
lwt,united states
lwy,malaysia
lxa,china
lxg,laos
lxr,egypt
lxs,greece
lya,china
lyc,sweden
lyg,china
lyi,china
lyp,pakistan
lyr,svalbard & jan mayen island
lys,france
lyu,united states
lzc,mexico
lzh,china
lzo,china
lzr,australia
maa,india
mab,brazil
mad,spain
maf,united states
mag,papua new guinea
mah,spain
maj,marshall islands
mak,sudan
mam,mexico
man,united kingdom
mao,brazil
maq,thailand
mar,venezuela
mas,papua new guinea
mat,congo
mau,french polynesia
mav,marshall islands
may,bahamas
maz,puerto rico
mba,kenya
mbe,japan
mbh,australia
mbj,jamaica
mbl,united states
mbs,united states
mbt,philippines
mbx,slovenia
mce,united states
mcg,united states
mch,ecuador
mci,united states
mck,united states
mcm,monaco
mcn,united states
mco,united states
mcp,brazil
mct,oman
mcv,australia
mcw,united states
mcx,russia
mcy,australia
mcz,brazil
mdc,indonesia
mde,colombia
mdg,china
mdh,united states
mdj,united states
mdk,congo
mdl,myanmar
mdp,indonesia
mdq,argentina
mds,turks and caicos
mdt,united states
mdu,papua new guinea
mdw,united states
mdy,us minor outlying islands
mdz,argentina
mec,ecuador
med,saudi arabia
mee,new caledonia
meh,norway
mei,united states
mel,australia
mem,united states
mes,indonesia
meu,brazil
mex,mexico
mfa,tanzania
mfe,united states
mff,gabon
mfg,pakistan
mfj,fiji
mfm,china
mfo,papua new guinea
mfr,united states
mfu,zambia
mga,nicaragua
mgb,australia
mgf,brazil
mgh,south africa
mgl,germany
mgm,united states
mgq,somalia
mgs,cook islands
mgt,australia
mgw,united states
mgz,myanmar
mhd,iran
mhg,germany
mhh,bahamas
mhk,united states
mhp,belarus
mhq,finland
mht,united states
mhu,australia
mhx,cook islands
mia,united states
mid,mexico
mii,brazil
mij,marshall islands
mik,finland
mim,australia
mir,tunisia
mis,papua new guinea
mja,madagascar
mjb,marshall islands
mjd,denmark
mje,marshall islands
mjf,norway
mjk,australia
mjl,gabon
mjm,congo
mjn,madagascar
mjt,greece
mjv,spain
mjz,russia
mke,united states
mkg,united states
mkk,united states
mkl,united states
mkm,malaysia
mkq,indonesia
mkr,australia
mks,ethiopia
mkt,united states
mku,gabon
mkw,indonesia
mky,australia
mkz,malaysia
mla,malta
mlb,united states
mle,maldives
mlh,france
mli,united states
mll,united states
mlm,mexico
mln,spain
mls,united states
mlu,united states
mlx,turkey
mly,united states
mmb,japan
mmd,japan
mme,united kingdom
mmg,australia
mmj,japan
mmk,russia
mmo,cape verde
mmx,sweden
mmy,japan
mnb,congo
mnc,mozambique
mnf,fiji
mng,australia
mni,montserrat
mnj,madagascar
mnl,philippines
mnr,zambia
mnt,united states
mnu,myanmar
mny,solomon islands
moa,cuba
mob,united states
moc,brazil
mod,united states
mof,indonesia
moi,cook islands
mol,norway
mon,new zealand
moq,madagascar
mot,united states
mou,united states
mov,australia
mow,russia
moz,french polynesia
mpa,namibia
mpb,united states
mpk,south korea
mpl,france
mpm,mozambique
mpn,falkland islands
mpw,ukraine
mqf,russia
mql,australia
mqn,norway
mqt,united states
mqx,ethiopia
mra,libya
mrd,venezuela
mre,kenya
mrs,france
mru,mauritius
mrv,russia
mry,united states
mrz,australia
msa,canada
mse,united kingdom
msj,japan
msl,united states
msn,united states
mso,united states
msp,united states
msq,belarus
msr,turkey
mss,united states
mst,netherlands
msu,lesotho
msy,united states
mtf,ethiopia
mtj,united states
mtm,united states
mtr,colombia
mts,swaziland
mtt,mexico
mtv,vanuatu
mty,mexico
mua,solomon islands
mub,botswana
muc,germany
mue,united states
muh,egypt
muk,cook islands
mun,venezuela
mur,malaysia
mux,pakistan
muz,tanzania
mvb,gabon
mvd,uruguay
mvr,cameroon
mvs,brazil
mvy,united states
mwa,united states
mwe,sudan
mwf,vanuatu
mwh,united states
mwz,tanzania
mxh,papua new guinea
mxl,mexico
mxm,madagascar
mxp,italy
mxs,western samoa
mxt,madagascar
mxx,sweden
mxz,china
mya,australia
myc,venezuela
myd,kenya
mye,japan
myg,bahamas
myi,australia
myj,japan
myr,united states
myt,myanmar
myu,united states
myw,tanzania
myx,papua new guinea
myy,malaysia
mzg,taiwan
mzi,mali
mzl,colombia
mzo,cuba
mzt,mexico
mzv,malaysia
naa,australia
nag,india
naj,azerbaijan
nak,thailand
nal,russia
nan,fiji
nao,china
nap,italy
nas,bahamas
nat,brazil
naw,thailand
nbo,kenya
nbx,indonesia
nca,turks and caicos islands
nce,france
ncl,united kingdom
ncn,united states
ncu,uzbekistan
ncy,france
ndb,mauritania
ndg,china
ndi,papua new guinea
ndj,chad
ndk,marshall islands
ndm,ethiopia
ndr,morocco
ndy,united kingdom
ndz,germany
neg,jamaica
ner,russia
nev,st kitts and nevis
nfg,russia
nfo,tonga
ngb,china
nge,cameroon
ngi,fiji
ngo,japan
ngs,japan
ngx,nepal
nha,viet nam
nhv,french polynesia
nib,united states
nic,cyprus
nim,niger
nix,congo
njc,russia
nkc,mauritania
nkd,indonesia
nkg,china
nki,united states
nla,zambia
nld,mexico
nlf,australia
nlg,united states
nlk,norfolk island
nlp,south africa
nma,uzbekistan
nme,united states
nmg,panama
nnb,solomon islands
nng,china
nnl,united states
nnm,russia
nnt,thailand
nnx,indonesia
nny,china
nob,costa rica
noc,ireland
noj,russia
nos,madagascar
nou,new caledonia
noz,russia
npe,new zealand
npl,new zealand
nqn,argentina
nqy,united kingdom
nrd,germany
nrk,sweden
nrl,united kingdom
nrt,japan
nsb,bahamas
nsk,russia
nsn,new zealand
nst,thailand
nte,france
ntg,china
nti,indonesia
ntl,australia
ntn,australia
nto,cape verde
ntt,tonga
nty,south africa
nub,australia
nue,germany
nui,united states
nul,united states
nup,united states
nus,vanuatu
nux,russia
nva,colombia
nvk,norway
nvr,russia
nvt,brazil
nwi,united kingdom
nyc,united states
nyk,kenya
nym,russia
nyn,australia
nyu,myanmar
oag,australia
oaj,united states
oak,united states
oax,mexico
obd,indonesia
obo,japan
obu,united states
ocj,jamaica
odn,malaysia
ods,ukraine
ody,laos
oer,sweden
oes,argentina
ofk,united states
ogg,united states
ogn,japan
ogs,united states
ogx,algeria
ogz,russia
ohd,macedonia
oho,russia
oim,japan
oir,japan
oit,japan
oka,japan
okc,united states
okd,japan
okj,japan
okl,indonesia
okq,indonesia
okr,australia
oku,namibia
olb,italy
olj,vanuatu
olp,australia
oma,united states
omb,gabon
omd,namibia
ome,united states
omh,iran
omo,bosnia and herzegovina
omr,romania
oms,russia
ond,namibia
ong,australia
oni,indonesia
ont,united states
onx,panama
ook,united states
ool,australia
oom,australia
opo,portugal
opu,papua new guinea
orb,sweden
ord,united states
orf,united states
org,suriname
orh,united states
ork,ireland
orl,united states
orn,algeria
ort,united states
orv,united states
orw,pakistan
ory,france
osa,japan
osd,sweden
osh,united states
osi,croatia
osk,sweden
osl,norway
osr,czech republic
osw,russia
osy,norway
osz,poland
otd,panama
oth,united states
otm,united states
otp,romania
otu,colombia
otz,united states
oua,burkina faso
oud,morocco
oul,finland
ouz,mauritania
ovb,russia
ovd,spain and canary islands
owb,united states
oxb,guinea-bissau
oxr,united states
oya,argentina
oye,gabon
ozh,ukraine
ozz,morocco
pac,panama
pad,germany
paf,uganda
pah,united states
paj,pakistan
pak,united states
pap,haiti
par,france
pat,india
paz,mexico
pbc,mexico
pbd,india
pbe,colombia
pbh,bhutan
pbi,united states
pbj,vanuatu
pbm,suriname
pbo,australia
pbp,costa rica
pbz,south africa
pca,united states
pch,honduras
pcl,peru
pdb,united states
pdg,indonesia
pdl,portugal
pdp,uruguay
pds,mexico
pdt,united states
pdx,united states
pec,united states
pee,russia
peg,italy
pei,colombia
pek,china
pem,peru
pen,malaysia
per,australia
pes,russia
pet,brazil
peu,honduras
pew,pakistan
pex,russia
pfb,brazil
pfn,united states
pfo,cyprus
pga,united states
pgf,france
pgk,indonesia
pgv,united states
pgx,france
phb,brazil
phc,nigeria
phe,australia
phf,united states
phl,united states
pho,united states
phs,thailand
phw,south africa
phx,united states
pia,united states
pib,united states
pid,bahamas
pie,united states
pif,taiwan
pih,united states
pik,united kingdom
pip,united states
pir,united states
pis,france
pit,united states
piu,peru
pix,portugal
piz,united states
pjg,pakistan
pjm,costa rica
pka,united states
pkb,united states
pkc,russia
pkn,indonesia
pkr,nepal
pku,indonesia
pky,indonesia
pkz,laos
plb,united states
plh,united kingdom
plj,belize
plm,indonesia
pln,united states
plo,australia
plp,panama
plq,lithuania
pls,turks and caicos islands
plu,brazil
plv,ukraine
plw,indonesia
plz,south africa
pma,tanzania
pmc,chile
pmf,italy
pmg,brazil
pmi,spain and canary islands
pml,united states
pmo,italy
pmq,argentina
pmr,new zealand
pmv,venezuela
pmw,brazil
pmy,argentina
pmz,costa rica
pna,spain
pnc,united states
pnd,belize
pnh,cambodia
pni,micronesia
pnk,indonesia
pnl,italy
pnp,papua new guinea
pnq,india
pnr,congo
pns,united states
pnz,brazil
poa,brazil
pog,gabon
pol,mozambique
pom,papua new guinea
pop,dominican republic
por,finland
pos,trinidad and tobago
pot,jamaica
pou,united states
poz,poland
ppb,brazil
ppg,american samoa
ppp,australia
pps,philippines
ppt,french polynesia
ppv,united states
ppw,united kingdom
pqc,viet nam
pqi,united states
pqm,mexico
pqq,australia
pqs,united states
pra,argentina
prc,united states
prg,czech republic
prh,thailand
prn,serbia and montenegro
prq,argentina
prs,solomon islands
psa,italy
psc,united states
pse,puerto rico
psg,united states
psi,pakistan
psm,united states
pso,colombia
psp,united states
psr,italy
pss,argentina
psu,indonesia
psy,falkland islands
psz,bolivia
pta,united states
ptf,fiji
ptg,south africa
pth,united states
ptj,australia
ptp,guadeloupe
ptu,united states
pty,panama
pub,united states
pud,argentina
puf,france
pug,australia
puj,dominican republic
puq,chile
pus,south korea
put,india
puw,united states
puy,croatia
pvc,united states
pvd,united states
pvg,china
pvh,brazil
pvk,greece
pvo,ecuador
pvr,mexico
pwm,united states
pwq,kazakhstan
pxm,mexico
pxo,portugal
pxu,viet nam
pye,cook islands
pyh,venezuela
pyj,russia
pzb,south africa
pze,united kingdom
pzh,pakistan
pzo,venezuela
pzu,sudan
qbc,canada
qbf,united states
qce,united states
qdu,germany
qfk,norway
qfz,germany
qjy,poland
qjz,france
qkb,united states
qkl,germany
qks,united states
qqp,united kingdom
qro,mexico
qwf,united states
qwm,united states
qwy,united states
qxg,france
qyw,france
rab,papua new guinea
rae,saudi arabia
rah,saudi arabia
rai,cape verde
raj,india
ram,australia
rao,brazil
rap,united states
rar,cook islands
ras,iran
rat,russia
raz,pakistan
rba,morocco
rbe,cambodia
rbh,united states
rbj,japan
rbp,papua new guinea
rbr,brazil
rbv,solomon islands
rby,united states
rcb,south africa
rce,united states
rch,colombia
rcm,australia
rcq,argentina
rcu,argentina
rdd,united states
rde,indonesia
rdg,united states
rdm,united states
rdu,united states
rdv,united states
rdz,france
rec,brazil
reg,italy
rel,argentina
ren,russia
rep,cambodia
res,argentina
ret,norway
reu,spain and canary islands
rex,mexico
rfp,french polynesia
rga,argentina
rgl,argentina
rgn,myanmar
rhi,united states
rho,gabon
ria,brazil
rib,bolivia
ric,united states
rig,brazil
rik,costa rica
ris,japan
riw,united states
rix,latvia
riy,yemen
rjh,bangladesh
rjk,croatia
rjn,iran
rkd,united states
rks,united states
rkt,united arab emirates
rlg,germany
rma,australia
rmi,italy
rmp,united states
rnb,sweden
rne,france
rnj,japan
rnl,solomon islands
rnn,denmark
rno,united states
rnp,marshall islands
rns,france
roa,united states
rob,liberia
roc,united states
rok,australia
rom,italy
rop,northern mariana islands
ror,palau
ros,argentina
rot,new zealand
rov,russia
row,united states
roy,argentina
rpm,australia
rpn,iceland
rrg,mauritius
rrs,norway
rsa,argentina
rsd,bahamas
rsh,united states
rsj,united states
rst,united states
rsu,south korea
rsw,united states
rtb,honduras
rtm,netherlands
rtw,russia
rua,uganda
ruh,saudi arabia
run,reunion
rur,french polynesia
rut,united states
rva,madagascar
rvd,brazil
rvk,norway
rvn,finland
saf,united states
sah,yemen
sai,san marino
sal,el salvador
san,united states
sap,honduras
sat,united states
sav,united states
sba,united states
sbn,united states
sbp,united states
sbs,united states
sby,united states
scc,united states
sce,united states
sck,united states
scl,chile
scm,united states
sdf,united states
sdl,united states
sdp,united states
sdq,dominican republic
sea,united states
sel,south korea
sez,seychelles
sfo,united states
sgf,united states
sgn,viet nam
sgu,united states
sgy,united states
shd,united states
shg,united states
shh,united states
shr,united states
shv,united states
shx,united states
sin,singapore
sit,united states
sjc,united states
sjd,mexico
sjo,costa rica
sjt,united states
sju,puerto rico
skb,st kitts and nevis
skg,greece
skk,united states
slc,united states
sle,united states
slk,united states
sln,united states
slp,mexico
slq,united states
slu,st. lucia
slw,mexico
slx,turks and caicos islands
sly,russia
slz,brazil
sma,portugal
smf,united states
smi,greece
smk,united states
sml,bahamas
smr,colombia
sms,madagascar
smx,united states
sna,united states
sne,cape verde
snn,ireland
sno,thailand
snp,united states
snw,myanmar
soc,indonesia
sod,brazil
sof,bulgaria
sog,norway
soi,australia
soj,norway
son,vanuatu
soo,sweden
sop,united states
sou,united kingdom
soy,united kingdom
spc,spain and canary islands
spi,united states
spn,northern mariana islands
sps,united states
spu,croatia
sqg,indonesia
sqh,viet nam
sqo,sweden
sre,bolivia
srg,indonesia
srq,united states
srv,united states
ssa,brazil
ssg,equatorial guinea
ssh,egypt
ssr,vanuatu
stb,venezuela
stc,united states
std,venezuela
stg,united states
sti,dominican republic
stl,united states
stm,brazil
stn,united kingdom
sto,sweden
str,germany
sts,united states
stt,u.s. virgin islands
stw,russia
stx,u.s. virgin islands
sub,indonesia
suf,italy
suj,romania
sul,pakistan
sun,united states
sur,canada
suv,fiji
sux,united states
sva,united states
svb,madagascar
svc,united states
svd,saint vincent and the grenadines
svg,norway
svj,norway
svl,finland
svo,russia
svq,spain and canary islands
svs,united states
svu,fiji
svx,russia
svz,venezuela
swa,china
swd,united states
swf,united states
swg,papua new guinea
sxb,france
sxf,germany
sxk,indonesia
sxl,ireland
sxm,netherlands antilles
sxp,united states
sxr,india
syd,australia
sym,china
syo,japan
syq,costa rica
syr,united states
syu,australia
syx,china
syy,united kingdom
syz,iran
szd,united kingdom
szg,austria
szk,south africa
szm,namibia
szt,mexico
szx,china
szz,poland
tab,trinidad and tobago
tac,philippines
tae,south korea
tah,vanuatu
tai,yemen
tal,united states
tam,mexico
tao,china
tap,mexico
tar,italy
tas,uzbekistan
tat,slovakia
tbg,papua new guinea
tbi,bahamas
tbj,tunisia
tbn,united states
tbo,tanzania
tbp,peru
tbs,georgia
tbt,brazil
tbu,tonga
tbz,iran
tca,australia
tcb,bahamas
tcg,china
tch,gabon
tcl,united states
tco,colombia
tcp,egypt
tcq,peru
tct,united states
tdb,papua new guinea
tdd,bolivia
tee,algeria
teh,united states
tek,united states
ter,portugal
tet,mozambique
teu,new zealand
tex,united states
tez,india
tff,brazil
tfi,papua new guinea
tfn,spain and canary islands
tfs,spain and canary islands
tgd,serbia and montenegro
tgg,malaysia
tgh,vanuatu
tgj,new caledonia
tgm,romania
tgn,australia
tgo,china
tgu,honduras
tgz,mexico
the,brazil
thf,germany
thg,australia
thl,myanmar
thn,sweden
tho,iceland
thr,iran
ths,thailand
thu,greenland
tia,albania
tid,algeria
tie,ethiopia
tif,saudi arabia
tih,french polynesia
tij,mexico
tim,indonesia
tin,algeria
tip,latvia
tiq,northern mariana islands
tir,india
tis,australia
tiu,new zealand
tiv,serbia and montenegro
tiy,mauritania
tiz,papua new guinea
tja,bolivia
tji,honduras
tjm,russia
tjq,indonesia
tjs,indonesia
tka,united states
tkb,papua new guinea
tke,united states
tkg,indonesia
tkj,united states
tkk,micronesia
tkn,japan
tkq,tanzania
tks,japan
tku,finland
tlc,mexico
tle,madagascar
tlh,united states
tll,estonia
tlm,algeria
tln,france
tls,france
tlt,united states
tlv,israel
tmc,indonesia
tmg,malaysia
tmh,indonesia
tmj,uzbekistan
tmm,madagascar
tmp,finland
tmr,algeria
tms,nan
tmt,brazil
tmu,costa rica
tmw,australia
tmx,algeria
tna,china
tnc,united states
tng,morocco
tnk,united states
tnn,taiwan
tno,costa rica
tnr,madagascar
tnx,cambodia
tob,libya
tod,malaysia
toe,tunisia
tof,russia
tog,united states
toh,vanuatu
tol,united states
tom,mali
tos,norway
tou,new caledonia
tov,british virgin islands
tow,brazil
toy,japan
tpa,united states
tpe,taiwan
tpp,peru
tpq,mexico
tpr,australia
tps,italy
tra,japan
trc,mexico
trd,norway
tre,united kingdom
trf,norway
trg,new zealand
tri,united states
trk,indonesia
trn,italy
tro,australia
trs,italy
tru,peru
trv,india
trw,kiribati
trz,india
tsa,taiwan
tsb,namibia
tse,kazakhstan
tsf,italy
tsj,japan
tsm,united states
tsn,china
tso,united kingdom
tsr,romania
tst,thailand
tsv,australia
ttb,italy
tte,indonesia
ttj,japan
ttn,united states
ttq,costa rica
tts,madagascar
ttt,taiwan
ttu,morocco
tua,ecuador
tub,french polynesia
tuc,argentina
tuf,france
tug,philippines
tui,saudi arabia
tuj,ethiopia
tuk,pakistan
tul,united states
tun,tunisia
tuo,new zealand
tup,united states
tur,brazil
tus,united states
tuu,saudi arabia
tuv,venezuela
tva,madagascar
tvc,united states
tvf,united states
tvu,fiji
tvy,myanmar
twa,united states
twb,australia
twf,united states
twu,malaysia
txg,taiwan
txk,united states
txl,germany
txm,indonesia
txn,china
tyf,sweden
tyn,china
tyo,japan
tyr,united states
tys,united states
tza,belize
tzn,bahamas
tzx,turkey
uak,greenland
uaq,argentina
uas,kenya
uba,brazil
ubb,australia
ubj,japan
ubp,thailand
uca,united states
uct,russia
udi,brazil
udj,ukraine
udr,indonesia
uel,mozambique
ueo,japan
uet,pakistan
ufa,russia
ugb,united states
ugc,uzbekistan
ugu,indonesia
uib,colombia
uih,viet nam
uii,honduras
uik,russia
uin,united states
uio,ecuador
uip,france
uit,marshall islands
uje,marshall islands
ukk,kazakhstan
ula,argentina
ulb,vanuatu
uld,south africa
uli,micronesia
uln,mongolia
ulp,australia
ulu,uganda
uly,mongolia
umd,greenland
ume,sweden
ung,papua new guinea
unk,united states
unn,thailand
upg,indonesia
upn,mexico
ura,kazakhstan
urc,china
urg,brazil
urj,russia
uro,france
urt,thailand
uru,papua new guinea
ury,saudi arabia
ush,argentina
usk,russia
usl,australia
usm,thailand
usn,south korea
uth,thailand
utk,marshall islands
utn,south africa
uto,united states
utp,thailand
utt,south africa
uua,russia
uud,russia
uus,russia
uve,new caledonia
uvf,st. lucia
uvl,egypt
uyl,sudan
uyn,china
vaa,finland
vag,brazil
vai,papua new guinea
vak,united states
van,turkey
vao,solomon islands
var,bulgaria
vas,turkey
vat,madagascar
vav,tonga
vaw,norway
vbv,fiji
vby,sweden
vcd,australia
vce,italy
vcp,brazil
vct,united states
vda,israel
vdb,norway
vdc,brazil
vde,spain and canary islands
vdm,argentina
vds,norway
vdz,united states
vee,united states
vel,united states
ver,mexico
vey,iceland
vfa,zimbabwe
vgo,spain
vhm,sweden
vie,austria
vig,venezuela
vii,viet nam
vij,british virgin islands
vil,morocco
vis,united states
vit,spain and canary islands
viv,papua new guinea
vkg,viet nam
vko,russia
vkt,russia
vlc,spain
vld,united states
vlg,argentina
vli,vanuatu
vlk,russia
vll,spain and canary islands
vln,venezuela
vls,vanuatu
vlv,venezuela
vme,argentina
vmu,papua new guinea
vno,lithuania
vns,india
vnx,mozambique
vog,russia
voh,madagascar
voz,russia
vpn,iceland
vps,united states
vqs,puerto rico
vra,cuba
vrk,finland
vrn,italy
vsa,mexico
vsg,uganda
vst,sweden
vtb,belarus
vte,laos
vtz,india
vup,colombia
vvb,madagascar
vvi,bolivia
vvo,russia
vxc,mozambique
vxe,cape verde
vxo,sweden
waa,united states
wae,saudi arabia
wag,new zealand
wai,madagascar
wam,madagascar
waq,madagascar
was,nan
wat,ireland
waw,poland
wba,indonesia
wbb,united states
wbq,united states
wbu,united states
wdg,united states
wed,papua new guinea
weh,china
wei,australia
wet,indonesia
wfi,madagascar
wga,australia
wge,australia
wgp,indonesia
whf,sudan
whh,united states
whk,new zealand
wic,united kingdom
wil,kenya
win,australia
wja,marshall islands
wju,south korea
wka,new zealand
wkj,japan
wkk,united states
wlg,new zealand
wlh,vanuatu
wlk,united states
wls,wallis and futuna islands
wma,madagascar
wme,australia
wmh,united states
wmk,united states
wmn,madagascar
wmo,united states
wmp,madagascar
wmr,madagascar
wmx,indonesia
wna,united states
wnn,canada
wnp,philippines
wnr,australia
wns,pakistan
wnz,china
wot,taiwan
wpb,madagascar
wre,new zealand
wrg,united states
wrl,united states
wro,poland
wry,united kingdom
wsn,united states
wsr,indonesia
wst,united states
wsu,papua new guinea
wsx,united states
wsz,new zealand
wta,madagascar
wte,marshall islands
wtk,united states
wtl,united states
wto,marshall islands
wts,madagascar
wud,australia
wug,papua new guinea
wuh,china
wun,australia
wus,china
wuu,sudan
wvb,namibia
wvk,madagascar
wvn,germany
wwk,papua new guinea
wwp,united states
wwt,united states
wxn,china
wya,australia
wyn,australia
wys,united states
xad,canada
xak,denmark
xap,brazil
xaw,canada
xax,canada
xaz,canada
xbe,canada
xbr,canada
xch,christmas island
xci,canada
xcm,canada
xdb,france
xdd,canada
xdg,canada
xdh,canada
xdl,canada
xdm,canada
xdp,canada
xdq,canada
xds,canada
xdu,canada
xdv,canada
xdw,canada
xdx,canada
xdy,canada
xdz,canada
xea,canada
xec,canada
xee,canada
xef,canada
xeg,canada
xeh,canada
xej,canada
xek,canada
xel,canada
xem,canada
xer,france
xey,canada
xfc,canada
xfe,canada
xfg,canada
xfk,canada
xfl,canada
xfm,canada
xfn,china
xfq,canada
xfs,nan
xfv,canada
xfw,germany
xfy,canada
xgj,canada
xgk,canada
xgr,canada
xgy,canada
xhh,united states
xhm,canada
xhs,canada
xia,canada
xib,canada
xic,china
xid,canada
xif,canada
xii,canada
xil,china
xim,canada
xio,canada
xip,canada
xiy,china
xjl,canada
xjq,canada
xkh,laos
xks,canada
xkv,canada
xlb,canada
xlj,canada
xlk,canada
xlm,canada
xlq,canada
xlv,canada
xly,canada
xlz,canada
xmh,french polynesia
xmn,china
xms,ecuador
xmy,australia
xna,united states
xnn,china
xop,france
xpb,canada
xpk,canada
xpn,canada
xpx,canada
xpz,france
xqp,costa rica
xqu,canada
xrp,canada
xry,spain
xsc,turks and caicos islands
xsh,france
xsi,canada
xsp,singapore
xtg,australia
xtl,canada
xty,canada
xuz,china
xvs,france
xvv,canada
xwa,canada
xwy,canada
xya,solomon islands
xyd,france
xzb,canada
xzc,canada
xzl,canada
yaa,canada
yab,canada
yac,canada
yag,canada
yai,chile
yak,united states
yam,canada
yao,cameroon
yap,micronesia
yat,canada
yax,canada
yay,canada
yaz,canada
ybb,canada
ybc,canada
ybe,canada
ybg,canada
ybi,canada
ybk,canada
ybl,canada
ybp,china
ybr,canada
ybs,canada
ybt,canada
ybv,canada
ybx,canada
ybz,canada
yca,canada
ycb,canada
ycc,canada
ycd,canada
ycg,canada
yck,canada
ycm,canada
yco,canada
ycr,canada
ycs,canada
ycy,canada
yda,canada
ydf,canada
ydi,canada
ydn,canada
ydp,canada
ydq,canada
yeg,canada
yek,canada
yer,canada
yev,canada
yfa,canada
yfb,canada
yfc,canada
yfh,canada
yfj,canada
yfo,canada
yfs,canada
yfx,canada
yfz,canada
ygb,canada
ygh,canada
ygj,japan
ygk,canada
ygl,canada
ygo,canada
ygp,canada
ygr,canada
ygt,canada
ygv,canada
ygw,canada
ygx,canada
ygz,canada
yha,canada
yhb,canada
yhd,canada
yhg,canada
yhi,canada
yhk,canada
yhm,canada
yho,canada
yhp,canada
yhr,canada
yhy,canada
yhz,canada
yif,canada
yih,china
yik,canada
yin,china
yio,canada
yiv,canada
yiw,china
yjt,canada
yka,canada
ykf,canada
ykg,canada
ykl,canada
ykm,united states
ykq,canada
yks,russia
ykt,canada
yku,canada
ylc,canada
yld,canada
yle,canada
ylh,canada
yll,canada
ylq,canada
ylr,canada
ylw,canada
ymh,canada
ymm,canada
ymo,canada
ymq,canada
ymt,canada
ymx,canada
ymy,canada
yna,canada
ynb,saudi arabia
ync,canada
yne,canada
yng,united states
ynj,china
ynl,canada
yno,canada
yns,canada
ynt,china
ynz,china
yoc,canada
yog,canada
yoh,canada
yoj,canada
yoo,canada
yop,canada
yow,canada
ypa,canada
ypb,canada
ypc,canada
ype,canada
ypf,canada
yph,canada
ypj,canada
ypl,canada
ypm,canada
ypn,canada
ypo,canada
ypr,canada
ypw,canada
ypx,canada
ypy,canada
ypz,canada
yqb,canada
yqc,canada
yqd,canada
yqg,canada
yqi,canada
yqk,canada
yql,canada
yqm,canada
yqn,canada
yqq,canada
yqr,canada
yqt,canada
yqu,canada
yqx,canada
yqy,canada
yqz,canada
yra,canada
yrb,canada
yrf,canada
yrg,canada
yrj,canada
yrl,canada
yrs,canada
yrt,canada
ysb,canada
ysf,canada
ysg,canada
ysh,canada
ysj,canada
ysk,canada
ysl,canada
ysm,canada
yso,canada
ysr,canada
yst,canada
ysy,canada
yta,canada
ytd,canada
yte,canada
ytf,canada
yth,canada
ytl,canada
ytq,canada
yts,canada
ytz,canada
yub,canada
yud,canada
yul,canada
yum,united states
yut,canada
yux,canada
yuy,canada
yvb,canada
yvc,canada
yvm,canada
yvo,canada
yvp,canada
yvq,canada
yvr,canada
yvz,canada
ywb,canada
ywg,canada
ywh,canada
ywj,canada
ywk,canada
ywl,canada
ywm,canada
ywp,canada
ywr,canada
yxc,canada
yxe,canada
yxh,canada
yxj,canada
yxk,canada
yxl,canada
yxn,canada
yxp,canada
yxs,canada
yxt,canada
yxu,canada
yxx,canada
yxy,canada
yyb,canada
yyc,canada
yyd,canada
yye,canada
yyf,canada
yyg,canada
yyh,canada
yyj,canada
yyq,canada
yyr,canada
yyt,canada
yyu,canada
yyy,canada
yyz,canada
yzf,canada
yzg,canada
yzr,canada
yzs,canada
yzt,canada
yzv,canada
zac,canada
zad,croatia
zag,croatia
zah,iran
zal,chile
zam,philippines
zaq,germany
zat,china
zay,belgium
zaz,spain and canary islands
zbb,denmark
zbf,canada
zbj,denmark
zbq,denmark
zbr,iran
zbv,united states
zby,laos
zco,chile
zdh,switzerland
zdj,switzerland
zdn,czech republic
zeg,indonesia
zel,canada
zem,canada
zfd,canada
zfn,canada
zgc,china
zgi,canada
zgs,canada
zgu,vanuatu
zha,china
zho,canada
zhq,germany
zid,denmark
zih,mexico
zjn,canada
zkb,zambia
zke,canada
zkg,canada
zln,france
zlo,mexico
zlt,canada
zna,canada
zne,australia
znz,tanzania
zpb,canada
zqn,new zealand
zrf,united states
zrh,switzerland
zri,indonesia
zrj,canada
zrk,united states
zrm,indonesia
zsa,bahamas
zse,reunion
zsj,canada
ztb,canada
zth,greece
ztm,canada
zuh,china
zum,canada
zva,madagascar
zvk,laos
zwl,canada
zws,germany
zxm,norway
zyl,bangladesh
zyr,belgium
zzu,malawi
